difficulty,d3_id,sample,policy,input_guide_sha256,requested_order,issued_net_order,issued_order_exact,target_count,target_routability,target_success,target_drc_errors,target_clean_success,full_drc_errors,full_drc_all,full_clean_success,wirelength_mm,via_count,track_count,action_count,action_success_count,action_failure_count,action_records,routing_session_open_before_eval,elapsed_seconds,output_pcb,output_pcb_sha256,api_error
easy,0003_kitspace_grove_adaptor,kitspace_grove_adaptor,mst_easy_first,c18caa1d4855812c4bd7d1a1a886445a0230b1a7175a8901e9adde7950c60afb,"[3, 2, 4, 1]","[3, 2, 4, 1]",True,4,0.0,False,4,False,4,4,False,0.0,0,0,16,8,8,"[{""net_id"": 3, ""action"": ""net_select"", ""success"": true, ""action_class"": ""valid_effective"", ""terminated"": false, ""truncated"": false}, {""net_id"": 3, ""action"": ""start_route"", ""success"": false, ""action_class"": ""valid_dispatch_fail"", ""terminated"": false, ""truncated"": false}, {""net_id"": 3, ""action"": ""make_line"", ""success"": false, ""action_class"": ""mask_reject"", ""terminated"": false, ""truncated"": false}, {""net_id"": 3, ""action"": ""net_end"", ""success"": true, ""action_class"": ""valid_effective"", ""terminated"": false, ""truncated"": false}, {""net_id"": 2, ""action"": ""net_select"", ""success"": true, ""action_class"": ""valid_effective"", ""terminated"": false, ""truncated"": false}, {""net_id"": 2, ""action"": ""start_route"", ""success"": false, ""action_class"": ""valid_dispatch_fail"", ""terminated"": false, ""truncated"": false}, {""net_id"": 2, ""action"": ""make_line"", ""success"": false, ""action_class"": ""mask_reject"", ""terminated"": false, ""truncated"": false}, {""net_id"": 2, ""action"": ""net_end"", ""success"": true, ""action_class"": ""valid_effective"", ""terminated"": false, ""truncated"": false}, {""net_id"": 4, ""action"": ""net_select"", ""success"": true, ""action_class"": ""valid_effective"", ""terminated"": false, ""truncated"": false}, {""net_id"": 4, ""action"": ""start_route"", ""success"": false, ""action_class"": ""valid_dispatch_fail"", ""terminated"": false, ""truncated"": false}, {""net_id"": 4, ""action"": ""make_line"", ""success"": false, ""action_class"": ""mask_reject"", ""terminated"": false, ""truncated"": false}, {""net_id"": 4, ""action"": ""net_end"", ""success"": true, ""action_class"": ""valid_effective"", ""terminated"": false, ""truncated"": false}, {""net_id"": 1, ""action"": ""net_select"", ""success"": true, ""action_class"": ""valid_effective"", ""terminated"": false, ""truncated"": false}, {""net_id"": 1, ""action"": ""start_route"", ""success"": false, ""action_class"": ""valid_dispatch_fail"", ""terminated"": false, ""truncated"": false}, {""net_id"": 1, ""action"": ""make_line"", ""success"": false, ""action_class"": ""mask_reject"", ""terminated"": false, ""truncated"": false}, {""net_id"": 1, ""action"": ""net_end"", ""success"": true, ""action_class"": ""valid_effective"", ""terminated"": true, ""truncated"": false}]",False,0.27420229599920276,/content/routescout_phase8b_standalone/artifacts/routed_boards/0003_kitspace_grove_adaptor__mst_easy_first.kicad_pcb,c46e6ed77b38978bf4e57812d8a281aafb072705fb650f5e822917b549e04f2e,
easy,0003_kitspace_grove_adaptor,kitspace_grove_adaptor,mst_hard_first,c18caa1d4855812c4bd7d1a1a886445a0230b1a7175a8901e9adde7950c60afb,"[1, 2, 4, 3]","[1, 2, 4, 3]",True,4,0.0,False,4,False,4,4,False,0.0,0,0,16,8,8,"[{""net_id"": 1, ""action"": ""net_select"", ""success"": true, ""action_class"": ""valid_effective"", ""terminated"": false, ""truncated"": false}, {""net_id"": 1, ""action"": ""start_route"", ""success"": false, ""action_class"": ""valid_dispatch_fail"", ""terminated"": false, ""truncated"": false}, {""net_id"": 1, ""action"": ""make_line"", ""success"": false, ""action_class"": ""mask_reject"", ""terminated"": false, ""truncated"": false}, {""net_id"": 1, ""action"": ""net_end"", ""success"": true, ""action_class"": ""valid_effective"", ""terminated"": false, ""truncated"": false}, {""net_id"": 2, ""action"": ""net_select"", ""success"": true, ""action_class"": ""valid_effective"", ""terminated"": false, ""truncated"": false}, {""net_id"": 2, ""action"": ""start_route"", ""success"": false, ""action_class"": ""valid_dispatch_fail"", ""terminated"": false, ""truncated"": false}, {""net_id"": 2, ""action"": ""make_line"", ""success"": false, ""action_class"": ""mask_reject"", ""terminated"": false, ""truncated"": false}, {""net_id"": 2, ""action"": ""net_end"", ""success"": true, ""action_class"": ""valid_effective"", ""terminated"": false, ""truncated"": false}, {""net_id"": 4, ""action"": ""net_select"", ""success"": true, ""action_class"": ""valid_effective"", ""terminated"": false, ""truncated"": false}, {""net_id"": 4, ""action"": ""start_route"", ""success"": false, ""action_class"": ""valid_dispatch_fail"", ""terminated"": false, ""truncated"": false}, {""net_id"": 4, ""action"": ""make_line"", ""success"": false, ""action_class"": ""mask_reject"", ""terminated"": false, ""truncated"": false}, {""net_id"": 4, ""action"": ""net_end"", ""success"": true, ""action_class"": ""valid_effective"", ""terminated"": false, ""truncated"": false}, {""net_id"": 3, ""action"": ""net_select"", ""success"": true, ""action_class"": ""valid_effective"", ""terminated"": false, ""truncated"": false}, {""net_id"": 3, ""action"": ""start_route"", ""success"": false, ""action_class"": ""valid_dispatch_fail"", ""terminated"": false, ""truncated"": false}, {""net_id"": 3, ""action"": ""make_line"", ""success"": false, ""action_class"": ""mask_reject"", ""terminated"": false, ""truncated"": false}, {""net_id"": 3, ""action"": ""net_end"", ""success"": true, ""action_class"": ""valid_effective"", ""terminated"": true, ""truncated"": false}]",False,0.41481217599903175,/content/routescout_phase8b_standalone/artifacts/routed_boards/0003_kitspace_grove_adaptor__mst_hard_first.kicad_pcb,c46e6ed77b38978bf4e57812d8a281aafb072705fb650f5e822917b549e04f2e,
easy,0003_kitspace_grove_adaptor,kitspace_grove_adaptor,natural,c18caa1d4855812c4bd7d1a1a886445a0230b1a7175a8901e9adde7950c60afb,"[1, 2, 3, 4]","[1, 2, 3, 4]",True,4,0.0,False,4,False,4,4,False,0.0,0,0,16,8,8,"[{""net_id"": 1, ""action"": ""net_select"", ""success"": true, ""action_class"": ""valid_effective"", ""terminated"": false, ""truncated"": false}, {""net_id"": 1, ""action"": ""start_route"", ""success"": false, ""action_class"": ""valid_dispatch_fail"", ""terminated"": false, ""truncated"": false}, {""net_id"": 1, ""action"": ""make_line"", ""success"": false, ""action_class"": ""mask_reject"", ""terminated"": false, ""truncated"": false}, {""net_id"": 1, ""action"": ""net_end"", ""success"": true, ""action_class"": ""valid_effective"", ""terminated"": false, ""truncated"": false}, {""net_id"": 2, ""action"": ""net_select"", ""success"": true, ""action_class"": ""valid_effective"", ""terminated"": false, ""truncated"": false}, {""net_id"": 2, ""action"": ""start_route"", ""success"": false, ""action_class"": ""valid_dispatch_fail"", ""terminated"": false, ""truncated"": false}, {""net_id"": 2, ""action"": ""make_line"", ""success"": false, ""action_class"": ""mask_reject"", ""terminated"": false, ""truncated"": false}, {""net_id"": 2, ""action"": ""net_end"", ""success"": true, ""action_class"": ""valid_effective"", ""terminated"": false, ""truncated"": false}, {""net_id"": 3, ""action"": ""net_select"", ""success"": true, ""action_class"": ""valid_effective"", ""terminated"": false, ""truncated"": false}, {""net_id"": 3, ""action"": ""start_route"", ""success"": false, ""action_class"": ""valid_dispatch_fail"", ""terminated"": false, ""truncated"": false}, {""net_id"": 3, ""action"": ""make_line"", ""success"": false, ""action_class"": ""mask_reject"", ""terminated"": false, ""truncated"": false}, {""net_id"": 3, ""action"": ""net_end"", ""success"": true, ""action_class"": ""valid_effective"", ""terminated"": false, ""truncated"": false}, {""net_id"": 4, ""action"": ""net_select"", ""success"": true, ""action_class"": ""valid_effective"", ""terminated"": false, ""truncated"": false}, {""net_id"": 4, ""action"": ""start_route"", ""success"": false, ""action_class"": ""valid_dispatch_fail"", ""terminated"": false, ""truncated"": false}, {""net_id"": 4, ""action"": ""make_line"", ""success"": false, ""action_class"": ""mask_reject"", ""terminated"": false, ""truncated"": false}, {""net_id"": 4, ""action"": ""net_end"", ""success"": true, ""action_class"": ""valid_effective"", ""terminated"": true, ""truncated"": false}]",False,0.4209409830000368,/content/routescout_phase8b_standalone/artifacts/routed_boards/0003_kitspace_grove_adaptor__natural.kicad_pcb,c46e6ed77b38978bf4e57812d8a281aafb072705fb650f5e822917b549e04f2e,
easy,0011_PixyWirelessShield_Shield PIXY,PixyWirelessShield_Shield PIXY,mst_easy_first,6f58b2c6694c37055c1de8cb6c85ac29b845de7ad87ef122fa9bf36fd728cd6e,"[10, 2, 3, 1, 4]","[10, 2, 3, 1, 4]",True,5,0.0,False,5,False,5,5,False,0.0,0,0,20,10,10,"[{""net_id"": 10, ""action"": ""net_select"", ""success"": true, ""action_class"": ""valid_effective"", ""terminated"": false, ""truncated"": false}, {""net_id"": 10, ""action"": ""start_route"", ""success"": false, ""action_class"": ""valid_dispatch_fail"", ""terminated"": false, ""truncated"": false}, {""net_id"": 10, ""action"": ""make_line"", ""success"": false, ""action_class"": ""mask_reject"", ""terminated"": false, ""truncated"": false}, {""net_id"": 10, ""action"": ""net_end"", ""success"": true, ""action_class"": ""valid_effective"", ""terminated"": false, ""truncated"": false}, {""net_id"": 2, ""action"": ""net_select"", ""success"": true, ""action_class"": ""valid_effective"", ""terminated"": false, ""truncated"": false}, {""net_id"": 2, ""action"": ""start_route"", ""success"": false, ""action_class"": ""valid_dispatch_fail"", ""terminated"": false, ""truncated"": false}, {""net_id"": 2, ""action"": ""make_line"", ""success"": false, ""action_class"": ""mask_reject"", ""terminated"": false, ""truncated"": false}, {""net_id"": 2, ""action"": ""net_end"", ""success"": true, ""action_class"": ""valid_effective"", ""terminated"": false, ""truncated"": false}, {""net_id"": 3, ""action"": ""net_select"", ""success"": true, ""action_class"": ""valid_effective"", ""terminated"": false, ""truncated"": false}, {""net_id"": 3, ""action"": ""start_route"", ""success"": false, ""action_class"": ""valid_dispatch_fail"", ""terminated"": false, ""truncated"": false}, {""net_id"": 3, ""action"": ""make_line"", ""success"": false, ""action_class"": ""mask_reject"", ""terminated"": false, ""truncated"": false}, {""net_id"": 3, ""action"": ""net_end"", ""success"": true, ""action_class"": ""valid_effective"", ""terminated"": false, ""truncated"": false}, {""net_id"": 1, ""action"": ""net_select"", ""success"": true, ""action_class"": ""valid_effective"", ""terminated"": false, ""truncated"": false}, {""net_id"": 1, ""action"": ""start_route"", ""success"": false, ""action_class"": ""valid_dispatch_fail"", ""terminated"": false, ""truncated"": false}, {""net_id"": 1, ""action"": ""make_line"", ""success"": false, ""action_class"": ""mask_reject"", ""terminated"": false, ""truncated"": false}, {""net_id"": 1, ""action"": ""net_end"", ""success"": true, ""action_class"": ""valid_effective"", ""terminated"": false, ""truncated"": false}, {""net_id"": 4, ""action"": ""net_select"", ""success"": true, ""action_class"": ""valid_effective"", ""terminated"": false, ""truncated"": false}, {""net_id"": 4, ""action"": ""start_route"", ""success"": false, ""action_class"": ""valid_dispatch_fail"", ""terminated"": false, ""truncated"": false}, {""net_id"": 4, ""action"": ""make_line"", ""success"": false, ""action_class"": ""mask_reject"", ""terminated"": false, ""truncated"": false}, {""net_id"": 4, ""action"": ""net_end"", ""success"": true, ""action_class"": ""valid_effective"", ""terminated"": true, ""truncated"": false}]",False,0.165963217999888,/content/routescout_phase8b_standalone/artifacts/routed_boards/0011_PixyWirelessShield_Shield PIXY__mst_easy_first.kicad_pcb,4d168690afb3e53592dbba82da3990e137b295073a2beec3fd3e13cf1b81ede0,
easy,0011_PixyWirelessShield_Shield PIXY,PixyWirelessShield_Shield PIXY,mst_hard_first,6f58b2c6694c37055c1de8cb6c85ac29b845de7ad87ef122fa9bf36fd728cd6e,"[4, 1, 3, 2, 10]","[4, 1, 3, 2, 10]",True,5,0.0,False,5,False,5,5,False,0.0,0,0,20,10,10,"[{""net_id"": 4, ""action"": ""net_select"", ""success"": true, ""action_class"": ""valid_effective"", ""terminated"": false, ""truncated"": false}, {""net_id"": 4, ""action"": ""start_route"", ""success"": false, ""action_class"": ""valid_dispatch_fail"", ""terminated"": false, ""truncated"": false}, {""net_id"": 4, ""action"": ""make_line"", ""success"": false, ""action_class"": ""mask_reject"", ""terminated"": false, ""truncated"": false}, {""net_id"": 4, ""action"": ""net_end"", ""success"": true, ""action_class"": ""valid_effective"", ""terminated"": false, ""truncated"": false}, {""net_id"": 1, ""action"": ""net_select"", ""success"": true, ""action_class"": ""valid_effective"", ""terminated"": false, ""truncated"": false}, {""net_id"": 1, ""action"": ""start_route"", ""success"": false, ""action_class"": ""valid_dispatch_fail"", ""terminated"": false, ""truncated"": false}, {""net_id"": 1, ""action"": ""make_line"", ""success"": false, ""action_class"": ""mask_reject"", ""terminated"": false, ""truncated"": false}, {""net_id"": 1, ""action"": ""net_end"", ""success"": true, ""action_class"": ""valid_effective"", ""terminated"": false, ""truncated"": false}, {""net_id"": 3, ""action"": ""net_select"", ""success"": true, ""action_class"": ""valid_effective"", ""terminated"": false, ""truncated"": false}, {""net_id"": 3, ""action"": ""start_route"", ""success"": false, ""action_class"": ""valid_dispatch_fail"", ""terminated"": false, ""truncated"": false}, {""net_id"": 3, ""action"": ""make_line"", ""success"": false, ""action_class"": ""mask_reject"", ""terminated"": false, ""truncated"": false}, {""net_id"": 3, ""action"": ""net_end"", ""success"": true, ""action_class"": ""valid_effective"", ""terminated"": false, ""truncated"": false}, {""net_id"": 2, ""action"": ""net_select"", ""success"": true, ""action_class"": ""valid_effective"", ""terminated"": false, ""truncated"": false}, {""net_id"": 2, ""action"": ""start_route"", ""success"": false, ""action_class"": ""valid_dispatch_fail"", ""terminated"": false, ""truncated"": false}, {""net_id"": 2, ""action"": ""make_line"", ""success"": false, ""action_class"": ""mask_reject"", ""terminated"": false, ""truncated"": false}, {""net_id"": 2, ""action"": ""net_end"", ""success"": true, ""action_class"": ""valid_effective"", ""terminated"": false, ""truncated"": false}, {""net_id"": 10, ""action"": ""net_select"", ""success"": true, ""action_class"": ""valid_effective"", ""terminated"": false, ""truncated"": false}, {""net_id"": 10, ""action"": ""start_route"", ""success"": false, ""action_class"": ""valid_dispatch_fail"", ""terminated"": false, ""truncated"": false}, {""net_id"": 10, ""action"": ""make_line"", ""success"": false, ""action_class"": ""mask_reject"", ""terminated"": false, ""truncated"": false}, {""net_id"": 10, ""action"": ""net_end"", ""success"": true, ""action_class"": ""valid_effective"", ""terminated"": true, ""truncated"": false}]",False,0.5501564730002428,/content/routescout_phase8b_standalone/artifacts/routed_boards/0011_PixyWirelessShield_Shield PIXY__mst_hard_first.kicad_pcb,4d168690afb3e53592dbba82da3990e137b295073a2beec3fd3e13cf1b81ede0,
easy,0011_PixyWirelessShield_Shield PIXY,PixyWirelessShield_Shield PIXY,natural,6f58b2c6694c37055c1de8cb6c85ac29b845de7ad87ef122fa9bf36fd728cd6e,"[1, 2, 3, 4, 10]","[1, 2, 3, 4, 10]",True,5,0.0,False,5,False,5,5,False,0.0,0,0,20,10,10,"[{""net_id"": 1, ""action"": ""net_select"", ""success"": true, ""action_class"": ""valid_effective"", ""terminated"": false, ""truncated"": false}, {""net_id"": 1, ""action"": ""start_route"", ""success"": false, ""action_class"": ""valid_dispatch_fail"", ""terminated"": false, ""truncated"": false}, {""net_id"": 1, ""action"": ""make_line"", ""success"": false, ""action_class"": ""mask_reject"", ""terminated"": false, ""truncated"": false}, {""net_id"": 1, ""action"": ""net_end"", ""success"": true, ""action_class"": ""valid_effective"", ""terminated"": false, ""truncated"": false}, {""net_id"": 2, ""action"": ""net_select"", ""success"": true, ""action_class"": ""valid_effective"", ""terminated"": false, ""truncated"": false}, {""net_id"": 2, ""action"": ""start_route"", ""success"": false, ""action_class"": ""valid_dispatch_fail"", ""terminated"": false, ""truncated"": false}, {""net_id"": 2, ""action"": ""make_line"", ""success"": false, ""action_class"": ""mask_reject"", ""terminated"": false, ""truncated"": false}, {""net_id"": 2, ""action"": ""net_end"", ""success"": true, ""action_class"": ""valid_effective"", ""terminated"": false, ""truncated"": false}, {""net_id"": 3, ""action"": ""net_select"", ""success"": true, ""action_class"": ""valid_effective"", ""terminated"": false, ""truncated"": false}, {""net_id"": 3, ""action"": ""start_route"", ""success"": false, ""action_class"": ""valid_dispatch_fail"", ""terminated"": false, ""truncated"": false}, {""net_id"": 3, ""action"": ""make_line"", ""success"": false, ""action_class"": ""mask_reject"", ""terminated"": false, ""truncated"": false}, {""net_id"": 3, ""action"": ""net_end"", ""success"": true, ""action_class"": ""valid_effective"", ""terminated"": false, ""truncated"": false}, {""net_id"": 4, ""action"": ""net_select"", ""success"": true, ""action_class"": ""valid_effective"", ""terminated"": false, ""truncated"": false}, {""net_id"": 4, ""action"": ""start_route"", ""success"": false, ""action_class"": ""valid_dispatch_fail"", ""terminated"": false, ""truncated"": false}, {""net_id"": 4, ""action"": ""make_line"", ""success"": false, ""action_class"": ""mask_reject"", ""terminated"": false, ""truncated"": false}, {""net_id"": 4, ""action"": ""net_end"", ""success"": true, ""action_class"": ""valid_effective"", ""terminated"": false, ""truncated"": false}, {""net_id"": 10, ""action"": ""net_select"", ""success"": true, ""action_class"": ""valid_effective"", ""terminated"": false, ""truncated"": false}, {""net_id"": 10, ""action"": ""start_route"", ""success"": false, ""action_class"": ""valid_dispatch_fail"", ""terminated"": false, ""truncated"": false}, {""net_id"": 10, ""action"": ""make_line"", ""success"": false, ""action_class"": ""mask_reject"", ""terminated"": false, ""truncated"": false}, {""net_id"": 10, ""action"": ""net_end"", ""success"": true, ""action_class"": ""valid_effective"", ""terminated"": true, ""truncated"": false}]",False,0.6798154940006498,/content/routescout_phase8b_standalone/artifacts/routed_boards/0011_PixyWirelessShield_Shield PIXY__natural.kicad_pcb,4d168690afb3e53592dbba82da3990e137b295073a2beec3fd3e13cf1b81ede0,
easy,0017_Blink-Eras_AVR_ISP_Pogo,Blink-Eras_AVR_ISP_Pogo,mst_easy_first,e531bf4fb9ed78bdbcfc9935bfa913e1a47c845dd2ef4397857c2569363c297b,"[1, 2, 3, 4, 5, 6]","[1, 2, 3, 4, 5, 6]",True,6,0.0,False,6,False,6,6,False,0.0,0,0,24,12,12,"[{""net_id"": 1, ""action"": ""net_select"", ""success"": true, ""action_class"": ""valid_effective"", ""terminated"": false, ""truncated"": false}, {""net_id"": 1, ""action"": ""start_route"", ""success"": false, ""action_class"": ""valid_dispatch_fail"", ""terminated"": false, ""truncated"": false}, {""net_id"": 1, ""action"": ""make_line"", ""success"": false, ""action_class"": ""mask_reject"", ""terminated"": false, ""truncated"": false}, {""net_id"": 1, ""action"": ""net_end"", ""success"": true, ""action_class"": ""valid_effective"", ""terminated"": false, ""truncated"": false}, {""net_id"": 2, ""action"": ""net_select"", ""success"": true, ""action_class"": ""valid_effective"", ""terminated"": false, ""truncated"": false}, {""net_id"": 2, ""action"": ""start_route"", ""success"": false, ""action_class"": ""valid_dispatch_fail"", ""terminated"": false, ""truncated"": false}, {""net_id"": 2, ""action"": ""make_line"", ""success"": false, ""action_class"": ""mask_reject"", ""terminated"": false, ""truncated"": false}, {""net_id"": 2, ""action"": ""net_end"", ""success"": true, ""action_class"": ""valid_effective"", ""terminated"": false, ""truncated"": false}, {""net_id"": 3, ""action"": ""net_select"", ""success"": true, ""action_class"": ""valid_effective"", ""terminated"": false, ""truncated"": false}, {""net_id"": 3, ""action"": ""start_route"", ""success"": false, ""action_class"": ""valid_dispatch_fail"", ""terminated"": false, ""truncated"": false}, {""net_id"": 3, ""action"": ""make_line"", ""success"": false, ""action_class"": ""mask_reject"", ""terminated"": false, ""truncated"": false}, {""net_id"": 3, ""action"": ""net_end"", ""success"": true, ""action_class"": ""valid_effective"", ""terminated"": false, ""truncated"": false}, {""net_id"": 4, ""action"": ""net_select"", ""success"": true, ""action_class"": ""valid_effective"", ""terminated"": false, ""truncated"": false}, {""net_id"": 4, ""action"": ""start_route"", ""success"": false, ""action_class"": ""valid_dispatch_fail"", ""terminated"": false, ""truncated"": false}, {""net_id"": 4, ""action"": ""make_line"", ""success"": false, ""action_class"": ""mask_reject"", ""terminated"": false, ""truncated"": false}, {""net_id"": 4, ""action"": ""net_end"", ""success"": true, ""action_class"": ""valid_effective"", ""terminated"": false, ""truncated"": false}, {""net_id"": 5, ""action"": ""net_select"", ""success"": true, ""action_class"": ""valid_effective"", ""terminated"": false, ""truncated"": false}, {""net_id"": 5, ""action"": ""start_route"", ""success"": false, ""action_class"": ""valid_dispatch_fail"", ""terminated"": false, ""truncated"": false}, {""net_id"": 5, ""action"": ""make_line"", ""success"": false, ""action_class"": ""mask_reject"", ""terminated"": false, ""truncated"": false}, {""net_id"": 5, ""action"": ""net_end"", ""success"": true, ""action_class"": ""valid_effective"", ""terminated"": false, ""truncated"": false}, {""net_id"": 6, ""action"": ""net_select"", ""success"": true, ""action_class"": ""valid_effective"", ""terminated"": false, ""truncated"": false}, {""net_id"": 6, ""action"": ""start_route"", ""success"": false, ""action_class"": ""valid_dispatch_fail"", ""terminated"": false, ""truncated"": false}, {""net_id"": 6, ""action"": ""make_line"", ""success"": false, ""action_class"": ""mask_reject"", ""terminated"": false, ""truncated"": false}, {""net_id"": 6, ""action"": ""net_end"", ""success"": true, ""action_class"": ""valid_effective"", ""terminated"": true, ""truncated"": false}]",False,0.16211714499877417,/content/routescout_phase8b_standalone/artifacts/routed_boards/0017_Blink-Eras_AVR_ISP_Pogo__mst_easy_first.kicad_pcb,7fb96bcb58b5298c3268146754122cbfdb73d81dde821d76fb58979da523255e,
easy,0017_Blink-Eras_AVR_ISP_Pogo,Blink-Eras_AVR_ISP_Pogo,mst_hard_first,e531bf4fb9ed78bdbcfc9935bfa913e1a47c845dd2ef4397857c2569363c297b,"[4, 5, 6, 1, 2, 3]","[4, 5, 6, 1, 2, 3]",True,6,0.0,False,6,False,6,6,False,0.0,0,0,24,12,12,"[{""net_id"": 4, ""action"": ""net_select"", ""success"": true, ""action_class"": ""valid_effective"", ""terminated"": false, ""truncated"": false}, {""net_id"": 4, ""action"": ""start_route"", ""success"": false, ""action_class"": ""valid_dispatch_fail"", ""terminated"": false, ""truncated"": false}, {""net_id"": 4, ""action"": ""make_line"", ""success"": false, ""action_class"": ""mask_reject"", ""terminated"": false, ""truncated"": false}, {""net_id"": 4, ""action"": ""net_end"", ""success"": true, ""action_class"": ""valid_effective"", ""terminated"": false, ""truncated"": false}, {""net_id"": 5, ""action"": ""net_select"", ""success"": true, ""action_class"": ""valid_effective"", ""terminated"": false, ""truncated"": false}, {""net_id"": 5, ""action"": ""start_route"", ""success"": false, ""action_class"": ""valid_dispatch_fail"", ""terminated"": false, ""truncated"": false}, {""net_id"": 5, ""action"": ""make_line"", ""success"": false, ""action_class"": ""mask_reject"", ""terminated"": false, ""truncated"": false}, {""net_id"": 5, ""action"": ""net_end"", ""success"": true, ""action_class"": ""valid_effective"", ""terminated"": false, ""truncated"": false}, {""net_id"": 6, ""action"": ""net_select"", ""success"": true, ""action_class"": ""valid_effective"", ""terminated"": false, ""truncated"": false}, {""net_id"": 6, ""action"": ""start_route"", ""success"": false, ""action_class"": ""valid_dispatch_fail"", ""terminated"": false, ""truncated"": false}, {""net_id"": 6, ""action"": ""make_line"", ""success"": false, ""action_class"": ""mask_reject"", ""terminated"": false, ""truncated"": false}, {""net_id"": 6, ""action"": ""net_end"", ""success"": true, ""action_class"": ""valid_effective"", ""terminated"": false, ""truncated"": false}, {""net_id"": 1, ""action"": ""net_select"", ""success"": true, ""action_class"": ""valid_effective"", ""terminated"": false, ""truncated"": false}, {""net_id"": 1, ""action"": ""start_route"", ""success"": false, ""action_class"": ""valid_dispatch_fail"", ""terminated"": false, ""truncated"": false}, {""net_id"": 1, ""action"": ""make_line"", ""success"": false, ""action_class"": ""mask_reject"", ""terminated"": false, ""truncated"": false}, {""net_id"": 1, ""action"": ""net_end"", ""success"": true, ""action_class"": ""valid_effective"", ""terminated"": false, ""truncated"": false}, {""net_id"": 2, ""action"": ""net_select"", ""success"": true, ""action_class"": ""valid_effective"", ""terminated"": false, ""truncated"": false}, {""net_id"": 2, ""action"": ""start_route"", ""success"": false, ""action_class"": ""valid_dispatch_fail"", ""terminated"": false, ""truncated"": false}, {""net_id"": 2, ""action"": ""make_line"", ""success"": false, ""action_class"": ""mask_reject"", ""terminated"": false, ""truncated"": false}, {""net_id"": 2, ""action"": ""net_end"", ""success"": true, ""action_class"": ""valid_effective"", ""terminated"": false, ""truncated"": false}, {""net_id"": 3, ""action"": ""net_select"", ""success"": true, ""action_class"": ""valid_effective"", ""terminated"": false, ""truncated"": false}, {""net_id"": 3, ""action"": ""start_route"", ""success"": false, ""action_class"": ""valid_dispatch_fail"", ""terminated"": false, ""truncated"": false}, {""net_id"": 3, ""action"": ""make_line"", ""success"": false, ""action_class"": ""mask_reject"", ""terminated"": false, ""truncated"": false}, {""net_id"": 3, ""action"": ""net_end"", ""success"": true, ""action_class"": ""valid_effective"", ""terminated"": true, ""truncated"": false}]",False,0.14308855200033577,/content/routescout_phase8b_standalone/artifacts/routed_boards/0017_Blink-Eras_AVR_ISP_Pogo__mst_hard_first.kicad_pcb,7fb96bcb58b5298c3268146754122cbfdb73d81dde821d76fb58979da523255e,
easy,0017_Blink-Eras_AVR_ISP_Pogo,Blink-Eras_AVR_ISP_Pogo,natural,e531bf4fb9ed78bdbcfc9935bfa913e1a47c845dd2ef4397857c2569363c297b,"[1, 2, 3, 4, 5, 6]","[1, 2, 3, 4, 5, 6]",True,6,0.0,False,6,False,6,6,False,0.0,0,0,24,12,12,"[{""net_id"": 1, ""action"": ""net_select"", ""success"": true, ""action_class"": ""valid_effective"", ""terminated"": false, ""truncated"": false}, {""net_id"": 1, ""action"": ""start_route"", ""success"": false, ""action_class"": ""valid_dispatch_fail"", ""terminated"": false, ""truncated"": false}, {""net_id"": 1, ""action"": ""make_line"", ""success"": false, ""action_class"": ""mask_reject"", ""terminated"": false, ""truncated"": false}, {""net_id"": 1, ""action"": ""net_end"", ""success"": true, ""action_class"": ""valid_effective"", ""terminated"": false, ""truncated"": false}, {""net_id"": 2, ""action"": ""net_select"", ""success"": true, ""action_class"": ""valid_effective"", ""terminated"": false, ""truncated"": false}, {""net_id"": 2, ""action"": ""start_route"", ""success"": false, ""action_class"": ""valid_dispatch_fail"", ""terminated"": false, ""truncated"": false}, {""net_id"": 2, ""action"": ""make_line"", ""success"": false, ""action_class"": ""mask_reject"", ""terminated"": false, ""truncated"": false}, {""net_id"": 2, ""action"": ""net_end"", ""success"": true, ""action_class"": ""valid_effective"", ""terminated"": false, ""truncated"": false}, {""net_id"": 3, ""action"": ""net_select"", ""success"": true, ""action_class"": ""valid_effective"", ""terminated"": false, ""truncated"": false}, {""net_id"": 3, ""action"": ""start_route"", ""success"": false, ""action_class"": ""valid_dispatch_fail"", ""terminated"": false, ""truncated"": false}, {""net_id"": 3, ""action"": ""make_line"", ""success"": false, ""action_class"": ""mask_reject"", ""terminated"": false, ""truncated"": false}, {""net_id"": 3, ""action"": ""net_end"", ""success"": true, ""action_class"": ""valid_effective"", ""terminated"": false, ""truncated"": false}, {""net_id"": 4, ""action"": ""net_select"", ""success"": true, ""action_class"": ""valid_effective"", ""terminated"": false, ""truncated"": false}, {""net_id"": 4, ""action"": ""start_route"", ""success"": false, ""action_class"": ""valid_dispatch_fail"", ""terminated"": false, ""truncated"": false}, {""net_id"": 4, ""action"": ""make_line"", ""success"": false, ""action_class"": ""mask_reject"", ""terminated"": false, ""truncated"": false}, {""net_id"": 4, ""action"": ""net_end"", ""success"": true, ""action_class"": ""valid_effective"", ""terminated"": false, ""truncated"": false}, {""net_id"": 5, ""action"": ""net_select"", ""success"": true, ""action_class"": ""valid_effective"", ""terminated"": false, ""truncated"": false}, {""net_id"": 5, ""action"": ""start_route"", ""success"": false, ""action_class"": ""valid_dispatch_fail"", ""terminated"": false, ""truncated"": false}, {""net_id"": 5, ""action"": ""make_line"", ""success"": false, ""action_class"": ""mask_reject"", ""terminated"": false, ""truncated"": false}, {""net_id"": 5, ""action"": ""net_end"", ""success"": true, ""action_class"": ""valid_effective"", ""terminated"": false, ""truncated"": false}, {""net_id"": 6, ""action"": ""net_select"", ""success"": true, ""action_class"": ""valid_effective"", ""terminated"": false, ""truncated"": false}, {""net_id"": 6, ""action"": ""start_route"", ""success"": false, ""action_class"": ""valid_dispatch_fail"", ""terminated"": false, ""truncated"": false}, {""net_id"": 6, ""action"": ""make_line"", ""success"": false, ""action_class"": ""mask_reject"", ""terminated"": false, ""truncated"": false}, {""net_id"": 6, ""action"": ""net_end"", ""success"": true, ""action_class"": ""valid_effective"", ""terminated"": true, ""truncated"": false}]",False,0.1415149360000214,/content/routescout_phase8b_standalone/artifacts/routed_boards/0017_Blink-Eras_AVR_ISP_Pogo__natural.kicad_pcb,7fb96bcb58b5298c3268146754122cbfdb73d81dde821d76fb58979da523255e,
easy,0027_ID-FIX_scanConnect,ID-FIX_scanConnect,mst_easy_first,f68e7ef8c1f612f3aab0346a253d87f68db4163efbd97825bb9061624b2d9115,"[3, 1, 2, 4]","[3, 1, 2, 4]",True,4,0.0,False,4,False,4,4,False,27.424522938113206,0,12,16,8,8,"[{""net_id"": 3, ""action"": ""net_select"", ""success"": true, ""action_class"": ""valid_effective"", ""terminated"": false, ""truncated"": false}, {""net_id"": 3, ""action"": ""start_route"", ""success"": false, ""action_class"": ""valid_dispatch_fail"", ""terminated"": false, ""truncated"": false}, {""net_id"": 3, ""action"": ""make_line"", ""success"": false, ""action_class"": ""mask_reject"", ""terminated"": false, ""truncated"": false}, {""net_id"": 3, ""action"": ""net_end"", ""success"": true, ""action_class"": ""valid_effective"", ""terminated"": false, ""truncated"": false}, {""net_id"": 1, ""action"": ""net_select"", ""success"": true, ""action_class"": ""valid_effective"", ""terminated"": false, ""truncated"": false}, {""net_id"": 1, ""action"": ""start_route"", ""success"": false, ""action_class"": ""valid_dispatch_fail"", ""terminated"": false, ""truncated"": false}, {""net_id"": 1, ""action"": ""make_line"", ""success"": false, ""action_class"": ""mask_reject"", ""terminated"": false, ""truncated"": false}, {""net_id"": 1, ""action"": ""net_end"", ""success"": true, ""action_class"": ""valid_effective"", ""terminated"": false, ""truncated"": false}, {""net_id"": 2, ""action"": ""net_select"", ""success"": true, ""action_class"": ""valid_effective"", ""terminated"": false, ""truncated"": false}, {""net_id"": 2, ""action"": ""start_route"", ""success"": false, ""action_class"": ""valid_dispatch_fail"", ""terminated"": false, ""truncated"": false}, {""net_id"": 2, ""action"": ""make_line"", ""success"": false, ""action_class"": ""mask_reject"", ""terminated"": false, ""truncated"": false}, {""net_id"": 2, ""action"": ""net_end"", ""success"": true, ""action_class"": ""valid_effective"", ""terminated"": false, ""truncated"": false}, {""net_id"": 4, ""action"": ""net_select"", ""success"": true, ""action_class"": ""valid_effective"", ""terminated"": false, ""truncated"": false}, {""net_id"": 4, ""action"": ""start_route"", ""success"": false, ""action_class"": ""valid_dispatch_fail"", ""terminated"": false, ""truncated"": false}, {""net_id"": 4, ""action"": ""make_line"", ""success"": false, ""action_class"": ""mask_reject"", ""terminated"": false, ""truncated"": false}, {""net_id"": 4, ""action"": ""net_end"", ""success"": true, ""action_class"": ""valid_effective"", ""terminated"": true, ""truncated"": false}]",False,0.1731188050016499,/content/routescout_phase8b_standalone/artifacts/routed_boards/0027_ID-FIX_scanConnect__mst_easy_first.kicad_pcb,6b95766ba928e76d1255e115f798b3e5ab0c2f0325c2accbdb1b46b12134e259,
easy,0027_ID-FIX_scanConnect,ID-FIX_scanConnect,mst_hard_first,f68e7ef8c1f612f3aab0346a253d87f68db4163efbd97825bb9061624b2d9115,"[4, 2, 1, 3]","[4, 2, 1, 3]",True,4,0.0,False,4,False,4,4,False,27.424522938113206,0,12,16,8,8,"[{""net_id"": 4, ""action"": ""net_select"", ""success"": true, ""action_class"": ""valid_effective"", ""terminated"": false, ""truncated"": false}, {""net_id"": 4, ""action"": ""start_route"", ""success"": false, ""action_class"": ""valid_dispatch_fail"", ""terminated"": false, ""truncated"": false}, {""net_id"": 4, ""action"": ""make_line"", ""success"": false, ""action_class"": ""mask_reject"", ""terminated"": false, ""truncated"": false}, {""net_id"": 4, ""action"": ""net_end"", ""success"": true, ""action_class"": ""valid_effective"", ""terminated"": false, ""truncated"": false}, {""net_id"": 2, ""action"": ""net_select"", ""success"": true, ""action_class"": ""valid_effective"", ""terminated"": false, ""truncated"": false}, {""net_id"": 2, ""action"": ""start_route"", ""success"": false, ""action_class"": ""valid_dispatch_fail"", ""terminated"": false, ""truncated"": false}, {""net_id"": 2, ""action"": ""make_line"", ""success"": false, ""action_class"": ""mask_reject"", ""terminated"": false, ""truncated"": false}, {""net_id"": 2, ""action"": ""net_end"", ""success"": true, ""action_class"": ""valid_effective"", ""terminated"": false, ""truncated"": false}, {""net_id"": 1, ""action"": ""net_select"", ""success"": true, ""action_class"": ""valid_effective"", ""terminated"": false, ""truncated"": false}, {""net_id"": 1, ""action"": ""start_route"", ""success"": false, ""action_class"": ""valid_dispatch_fail"", ""terminated"": false, ""truncated"": false}, {""net_id"": 1, ""action"": ""make_line"", ""success"": false, ""action_class"": ""mask_reject"", ""terminated"": false, ""truncated"": false}, {""net_id"": 1, ""action"": ""net_end"", ""success"": true, ""action_class"": ""valid_effective"", ""terminated"": false, ""truncated"": false}, {""net_id"": 3, ""action"": ""net_select"", ""success"": true, ""action_class"": ""valid_effective"", ""terminated"": false, ""truncated"": false}, {""net_id"": 3, ""action"": ""start_route"", ""success"": false, ""action_class"": ""valid_dispatch_fail"", ""terminated"": false, ""truncated"": false}, {""net_id"": 3, ""action"": ""make_line"", ""success"": false, ""action_class"": ""mask_reject"", ""terminated"": false, ""truncated"": false}, {""net_id"": 3, ""action"": ""net_end"", ""success"": true, ""action_class"": ""valid_effective"", ""terminated"": true, ""truncated"": false}]",False,0.20818810200034932,/content/routescout_phase8b_standalone/artifacts/routed_boards/0027_ID-FIX_scanConnect__mst_hard_first.kicad_pcb,6b95766ba928e76d1255e115f798b3e5ab0c2f0325c2accbdb1b46b12134e259,
easy,0027_ID-FIX_scanConnect,ID-FIX_scanConnect,natural,f68e7ef8c1f612f3aab0346a253d87f68db4163efbd97825bb9061624b2d9115,"[1, 2, 3, 4]","[1, 2, 3, 4]",True,4,0.0,False,4,False,4,4,False,27.424522938113206,0,12,16,8,8,"[{""net_id"": 1, ""action"": ""net_select"", ""success"": true, ""action_class"": ""valid_effective"", ""terminated"": false, ""truncated"": false}, {""net_id"": 1, ""action"": ""start_route"", ""success"": false, ""action_class"": ""valid_dispatch_fail"", ""terminated"": false, ""truncated"": false}, {""net_id"": 1, ""action"": ""make_line"", ""success"": false, ""action_class"": ""mask_reject"", ""terminated"": false, ""truncated"": false}, {""net_id"": 1, ""action"": ""net_end"", ""success"": true, ""action_class"": ""valid_effective"", ""terminated"": false, ""truncated"": false}, {""net_id"": 2, ""action"": ""net_select"", ""success"": true, ""action_class"": ""valid_effective"", ""terminated"": false, ""truncated"": false}, {""net_id"": 2, ""action"": ""start_route"", ""success"": false, ""action_class"": ""valid_dispatch_fail"", ""terminated"": false, ""truncated"": false}, {""net_id"": 2, ""action"": ""make_line"", ""success"": false, ""action_class"": ""mask_reject"", ""terminated"": false, ""truncated"": false}, {""net_id"": 2, ""action"": ""net_end"", ""success"": true, ""action_class"": ""valid_effective"", ""terminated"": false, ""truncated"": false}, {""net_id"": 3, ""action"": ""net_select"", ""success"": true, ""action_class"": ""valid_effective"", ""terminated"": false, ""truncated"": false}, {""net_id"": 3, ""action"": ""start_route"", ""success"": false, ""action_class"": ""valid_dispatch_fail"", ""terminated"": false, ""truncated"": false}, {""net_id"": 3, ""action"": ""make_line"", ""success"": false, ""action_class"": ""mask_reject"", ""terminated"": false, ""truncated"": false}, {""net_id"": 3, ""action"": ""net_end"", ""success"": true, ""action_class"": ""valid_effective"", ""terminated"": false, ""truncated"": false}, {""net_id"": 4, ""action"": ""net_select"", ""success"": true, ""action_class"": ""valid_effective"", ""terminated"": false, ""truncated"": false}, {""net_id"": 4, ""action"": ""start_route"", ""success"": false, ""action_class"": ""valid_dispatch_fail"", ""terminated"": false, ""truncated"": false}, {""net_id"": 4, ""action"": ""make_line"", ""success"": false, ""action_class"": ""mask_reject"", ""terminated"": false, ""truncated"": false}, {""net_id"": 4, ""action"": ""net_end"", ""success"": true, ""action_class"": ""valid_effective"", ""terminated"": true, ""truncated"": false}]",False,0.1915787090001686,/content/routescout_phase8b_standalone/artifacts/routed_boards/0027_ID-FIX_scanConnect__natural.kicad_pcb,6b95766ba928e76d1255e115f798b3e5ab0c2f0325c2accbdb1b46b12134e259,
easy,0028_hardware-designs_c-trigger,hardware-designs_c-trigger,mst_easy_first,e3aef2331d7d339a7d71899b69f0038cf061908ea59b0f07f7965cbab322ec94,"[3, 4, 7, 2, 5, 6]","[3, 4, 7, 2, 5, 6]",True,6,0.0,False,6,False,6,6,False,35.15445309579059,0,9,24,12,12,"[{""net_id"": 3, ""action"": ""net_select"", ""success"": true, ""action_class"": ""valid_effective"", ""terminated"": false, ""truncated"": false}, {""net_id"": 3, ""action"": ""start_route"", ""success"": false, ""action_class"": ""valid_dispatch_fail"", ""terminated"": false, ""truncated"": false}, {""net_id"": 3, ""action"": ""make_line"", ""success"": false, ""action_class"": ""mask_reject"", ""terminated"": false, ""truncated"": false}, {""net_id"": 3, ""action"": ""net_end"", ""success"": true, ""action_class"": ""valid_effective"", ""terminated"": false, ""truncated"": false}, {""net_id"": 4, ""action"": ""net_select"", ""success"": true, ""action_class"": ""valid_effective"", ""terminated"": false, ""truncated"": false}, {""net_id"": 4, ""action"": ""start_route"", ""success"": false, ""action_class"": ""valid_dispatch_fail"", ""terminated"": false, ""truncated"": false}, {""net_id"": 4, ""action"": ""make_line"", ""success"": false, ""action_class"": ""mask_reject"", ""terminated"": false, ""truncated"": false}, {""net_id"": 4, ""action"": ""net_end"", ""success"": true, ""action_class"": ""valid_effective"", ""terminated"": false, ""truncated"": false}, {""net_id"": 7, ""action"": ""net_select"", ""success"": true, ""action_class"": ""valid_effective"", ""terminated"": false, ""truncated"": false}, {""net_id"": 7, ""action"": ""start_route"", ""success"": false, ""action_class"": ""valid_dispatch_fail"", ""terminated"": false, ""truncated"": false}, {""net_id"": 7, ""action"": ""make_line"", ""success"": false, ""action_class"": ""mask_reject"", ""terminated"": false, ""truncated"": false}, {""net_id"": 7, ""action"": ""net_end"", ""success"": true, ""action_class"": ""valid_effective"", ""terminated"": false, ""truncated"": false}, {""net_id"": 2, ""action"": ""net_select"", ""success"": true, ""action_class"": ""valid_effective"", ""terminated"": false, ""truncated"": false}, {""net_id"": 2, ""action"": ""start_route"", ""success"": false, ""action_class"": ""valid_dispatch_fail"", ""terminated"": false, ""truncated"": false}, {""net_id"": 2, ""action"": ""make_line"", ""success"": false, ""action_class"": ""mask_reject"", ""terminated"": false, ""truncated"": false}, {""net_id"": 2, ""action"": ""net_end"", ""success"": true, ""action_class"": ""valid_effective"", ""terminated"": false, ""truncated"": false}, {""net_id"": 5, ""action"": ""net_select"", ""success"": true, ""action_class"": ""valid_effective"", ""terminated"": false, ""truncated"": false}, {""net_id"": 5, ""action"": ""start_route"", ""success"": false, ""action_class"": ""valid_dispatch_fail"", ""terminated"": false, ""truncated"": false}, {""net_id"": 5, ""action"": ""make_line"", ""success"": false, ""action_class"": ""mask_reject"", ""terminated"": false, ""truncated"": false}, {""net_id"": 5, ""action"": ""net_end"", ""success"": true, ""action_class"": ""valid_effective"", ""terminated"": false, ""truncated"": false}, {""net_id"": 6, ""action"": ""net_select"", ""success"": true, ""action_class"": ""valid_effective"", ""terminated"": false, ""truncated"": false}, {""net_id"": 6, ""action"": ""start_route"", ""success"": false, ""action_class"": ""valid_dispatch_fail"", ""terminated"": false, ""truncated"": false}, {""net_id"": 6, ""action"": ""make_line"", ""success"": false, ""action_class"": ""mask_reject"", ""terminated"": false, ""truncated"": false}, {""net_id"": 6, ""action"": ""net_end"", ""success"": true, ""action_class"": ""valid_effective"", ""terminated"": true, ""truncated"": false}]",False,0.17846700100017188,/content/routescout_phase8b_standalone/artifacts/routed_boards/0028_hardware-designs_c-trigger__mst_easy_first.kicad_pcb,059f90d8e243da5fbf124e19e2d79cd6dedc5c5ef48cb1d47edce32c89a2f611,
easy,0028_hardware-designs_c-trigger,hardware-designs_c-trigger,mst_hard_first,e3aef2331d7d339a7d71899b69f0038cf061908ea59b0f07f7965cbab322ec94,"[6, 5, 2, 7, 4, 3]","[6, 5, 2, 7, 4, 3]",True,6,0.0,False,6,False,6,6,False,35.15445309579059,0,9,24,12,12,"[{""net_id"": 6, ""action"": ""net_select"", ""success"": true, ""action_class"": ""valid_effective"", ""terminated"": false, ""truncated"": false}, {""net_id"": 6, ""action"": ""start_route"", ""success"": false, ""action_class"": ""valid_dispatch_fail"", ""terminated"": false, ""truncated"": false}, {""net_id"": 6, ""action"": ""make_line"", ""success"": false, ""action_class"": ""mask_reject"", ""terminated"": false, ""truncated"": false}, {""net_id"": 6, ""action"": ""net_end"", ""success"": true, ""action_class"": ""valid_effective"", ""terminated"": false, ""truncated"": false}, {""net_id"": 5, ""action"": ""net_select"", ""success"": true, ""action_class"": ""valid_effective"", ""terminated"": false, ""truncated"": false}, {""net_id"": 5, ""action"": ""start_route"", ""success"": false, ""action_class"": ""valid_dispatch_fail"", ""terminated"": false, ""truncated"": false}, {""net_id"": 5, ""action"": ""make_line"", ""success"": false, ""action_class"": ""mask_reject"", ""terminated"": false, ""truncated"": false}, {""net_id"": 5, ""action"": ""net_end"", ""success"": true, ""action_class"": ""valid_effective"", ""terminated"": false, ""truncated"": false}, {""net_id"": 2, ""action"": ""net_select"", ""success"": true, ""action_class"": ""valid_effective"", ""terminated"": false, ""truncated"": false}, {""net_id"": 2, ""action"": ""start_route"", ""success"": false, ""action_class"": ""valid_dispatch_fail"", ""terminated"": false, ""truncated"": false}, {""net_id"": 2, ""action"": ""make_line"", ""success"": false, ""action_class"": ""mask_reject"", ""terminated"": false, ""truncated"": false}, {""net_id"": 2, ""action"": ""net_end"", ""success"": true, ""action_class"": ""valid_effective"", ""terminated"": false, ""truncated"": false}, {""net_id"": 7, ""action"": ""net_select"", ""success"": true, ""action_class"": ""valid_effective"", ""terminated"": false, ""truncated"": false}, {""net_id"": 7, ""action"": ""start_route"", ""success"": false, ""action_class"": ""valid_dispatch_fail"", ""terminated"": false, ""truncated"": false}, {""net_id"": 7, ""action"": ""make_line"", ""success"": false, ""action_class"": ""mask_reject"", ""terminated"": false, ""truncated"": false}, {""net_id"": 7, ""action"": ""net_end"", ""success"": true, ""action_class"": ""valid_effective"", ""terminated"": false, ""truncated"": false}, {""net_id"": 4, ""action"": ""net_select"", ""success"": true, ""action_class"": ""valid_effective"", ""terminated"": false, ""truncated"": false}, {""net_id"": 4, ""action"": ""start_route"", ""success"": false, ""action_class"": ""valid_dispatch_fail"", ""terminated"": false, ""truncated"": false}, {""net_id"": 4, ""action"": ""make_line"", ""success"": false, ""action_class"": ""mask_reject"", ""terminated"": false, ""truncated"": false}, {""net_id"": 4, ""action"": ""net_end"", ""success"": true, ""action_class"": ""valid_effective"", ""terminated"": false, ""truncated"": false}, {""net_id"": 3, ""action"": ""net_select"", ""success"": true, ""action_class"": ""valid_effective"", ""terminated"": false, ""truncated"": false}, {""net_id"": 3, ""action"": ""start_route"", ""success"": false, ""action_class"": ""valid_dispatch_fail"", ""terminated"": false, ""truncated"": false}, {""net_id"": 3, ""action"": ""make_line"", ""success"": false, ""action_class"": ""mask_reject"", ""terminated"": false, ""truncated"": false}, {""net_id"": 3, ""action"": ""net_end"", ""success"": true, ""action_class"": ""valid_effective"", ""terminated"": true, ""truncated"": false}]",False,0.17881671200120763,/content/routescout_phase8b_standalone/artifacts/routed_boards/0028_hardware-designs_c-trigger__mst_hard_first.kicad_pcb,059f90d8e243da5fbf124e19e2d79cd6dedc5c5ef48cb1d47edce32c89a2f611,
easy,0028_hardware-designs_c-trigger,hardware-designs_c-trigger,natural,e3aef2331d7d339a7d71899b69f0038cf061908ea59b0f07f7965cbab322ec94,"[2, 3, 4, 5, 6, 7]","[2, 3, 4, 5, 6, 7]",True,6,0.0,False,6,False,6,6,False,35.15445309579059,0,9,24,12,12,"[{""net_id"": 2, ""action"": ""net_select"", ""success"": true, ""action_class"": ""valid_effective"", ""terminated"": false, ""truncated"": false}, {""net_id"": 2, ""action"": ""start_route"", ""success"": false, ""action_class"": ""valid_dispatch_fail"", ""terminated"": false, ""truncated"": false}, {""net_id"": 2, ""action"": ""make_line"", ""success"": false, ""action_class"": ""mask_reject"", ""terminated"": false, ""truncated"": false}, {""net_id"": 2, ""action"": ""net_end"", ""success"": true, ""action_class"": ""valid_effective"", ""terminated"": false, ""truncated"": false}, {""net_id"": 3, ""action"": ""net_select"", ""success"": true, ""action_class"": ""valid_effective"", ""terminated"": false, ""truncated"": false}, {""net_id"": 3, ""action"": ""start_route"", ""success"": false, ""action_class"": ""valid_dispatch_fail"", ""terminated"": false, ""truncated"": false}, {""net_id"": 3, ""action"": ""make_line"", ""success"": false, ""action_class"": ""mask_reject"", ""terminated"": false, ""truncated"": false}, {""net_id"": 3, ""action"": ""net_end"", ""success"": true, ""action_class"": ""valid_effective"", ""terminated"": false, ""truncated"": false}, {""net_id"": 4, ""action"": ""net_select"", ""success"": true, ""action_class"": ""valid_effective"", ""terminated"": false, ""truncated"": false}, {""net_id"": 4, ""action"": ""start_route"", ""success"": false, ""action_class"": ""valid_dispatch_fail"", ""terminated"": false, ""truncated"": false}, {""net_id"": 4, ""action"": ""make_line"", ""success"": false, ""action_class"": ""mask_reject"", ""terminated"": false, ""truncated"": false}, {""net_id"": 4, ""action"": ""net_end"", ""success"": true, ""action_class"": ""valid_effective"", ""terminated"": false, ""truncated"": false}, {""net_id"": 5, ""action"": ""net_select"", ""success"": true, ""action_class"": ""valid_effective"", ""terminated"": false, ""truncated"": false}, {""net_id"": 5, ""action"": ""start_route"", ""success"": false, ""action_class"": ""valid_dispatch_fail"", ""terminated"": false, ""truncated"": false}, {""net_id"": 5, ""action"": ""make_line"", ""success"": false, ""action_class"": ""mask_reject"", ""terminated"": false, ""truncated"": false}, {""net_id"": 5, ""action"": ""net_end"", ""success"": true, ""action_class"": ""valid_effective"", ""terminated"": false, ""truncated"": false}, {""net_id"": 6, ""action"": ""net_select"", ""success"": true, ""action_class"": ""valid_effective"", ""terminated"": false, ""truncated"": false}, {""net_id"": 6, ""action"": ""start_route"", ""success"": false, ""action_class"": ""valid_dispatch_fail"", ""terminated"": false, ""truncated"": false}, {""net_id"": 6, ""action"": ""make_line"", ""success"": false, ""action_class"": ""mask_reject"", ""terminated"": false, ""truncated"": false}, {""net_id"": 6, ""action"": ""net_end"", ""success"": true, ""action_class"": ""valid_effective"", ""terminated"": false, ""truncated"": false}, {""net_id"": 7, ""action"": ""net_select"", ""success"": true, ""action_class"": ""valid_effective"", ""terminated"": false, ""truncated"": false}, {""net_id"": 7, ""action"": ""start_route"", ""success"": false, ""action_class"": ""valid_dispatch_fail"", ""terminated"": false, ""truncated"": false}, {""net_id"": 7, ""action"": ""make_line"", ""success"": false, ""action_class"": ""mask_reject"", ""terminated"": false, ""truncated"": false}, {""net_id"": 7, ""action"": ""net_end"", ""success"": true, ""action_class"": ""valid_effective"", ""terminated"": true, ""truncated"": false}]",False,0.1777555789994949,/content/routescout_phase8b_standalone/artifacts/routed_boards/0028_hardware-designs_c-trigger__natural.kicad_pcb,059f90d8e243da5fbf124e19e2d79cd6dedc5c5ef48cb1d47edce32c89a2f611,
easy,0031_kitspace_Potentiometer_mount_4LED,kitspace_Potentiometer_mount_4LED,mst_easy_first,55e184abc15a01e62dfea38c2d3f549cd470cb94f4476629d8ffaf2088d007a2,"[5, 6, 7, 1, 2, 3, 8, 4]","[5, 6, 7, 1, 2, 3, 8, 4]",True,8,0.0,False,8,False,8,8,False,0.0,0,0,32,16,16,"[{""net_id"": 5, ""action"": ""net_select"", ""success"": true, ""action_class"": ""valid_effective"", ""terminated"": false, ""truncated"": false}, {""net_id"": 5, ""action"": ""start_route"", ""success"": false, ""action_class"": ""valid_dispatch_fail"", ""terminated"": false, ""truncated"": false}, {""net_id"": 5, ""action"": ""make_line"", ""success"": false, ""action_class"": ""mask_reject"", ""terminated"": false, ""truncated"": false}, {""net_id"": 5, ""action"": ""net_end"", ""success"": true, ""action_class"": ""valid_effective"", ""terminated"": false, ""truncated"": false}, {""net_id"": 6, ""action"": ""net_select"", ""success"": true, ""action_class"": ""valid_effective"", ""terminated"": false, ""truncated"": false}, {""net_id"": 6, ""action"": ""start_route"", ""success"": false, ""action_class"": ""valid_dispatch_fail"", ""terminated"": false, ""truncated"": false}, {""net_id"": 6, ""action"": ""make_line"", ""success"": false, ""action_class"": ""mask_reject"", ""terminated"": false, ""truncated"": false}, {""net_id"": 6, ""action"": ""net_end"", ""success"": true, ""action_class"": ""valid_effective"", ""terminated"": false, ""truncated"": false}, {""net_id"": 7, ""action"": ""net_select"", ""success"": true, ""action_class"": ""valid_effective"", ""terminated"": false, ""truncated"": false}, {""net_id"": 7, ""action"": ""start_route"", ""success"": false, ""action_class"": ""valid_dispatch_fail"", ""terminated"": false, ""truncated"": false}, {""net_id"": 7, ""action"": ""make_line"", ""success"": false, ""action_class"": ""mask_reject"", ""terminated"": false, ""truncated"": false}, {""net_id"": 7, ""action"": ""net_end"", ""success"": true, ""action_class"": ""valid_effective"", ""terminated"": false, ""truncated"": false}, {""net_id"": 1, ""action"": ""net_select"", ""success"": true, ""action_class"": ""valid_effective"", ""terminated"": false, ""truncated"": false}, {""net_id"": 1, ""action"": ""start_route"", ""success"": false, ""action_class"": ""valid_dispatch_fail"", ""terminated"": false, ""truncated"": false}, {""net_id"": 1, ""action"": ""make_line"", ""success"": false, ""action_class"": ""mask_reject"", ""terminated"": false, ""truncated"": false}, {""net_id"": 1, ""action"": ""net_end"", ""success"": true, ""action_class"": ""valid_effective"", ""terminated"": false, ""truncated"": false}, {""net_id"": 2, ""action"": ""net_select"", ""success"": true, ""action_class"": ""valid_effective"", ""terminated"": false, ""truncated"": false}, {""net_id"": 2, ""action"": ""start_route"", ""success"": false, ""action_class"": ""valid_dispatch_fail"", ""terminated"": false, ""truncated"": false}, {""net_id"": 2, ""action"": ""make_line"", ""success"": false, ""action_class"": ""mask_reject"", ""terminated"": false, ""truncated"": false}, {""net_id"": 2, ""action"": ""net_end"", ""success"": true, ""action_class"": ""valid_effective"", ""terminated"": false, ""truncated"": false}, {""net_id"": 3, ""action"": ""net_select"", ""success"": true, ""action_class"": ""valid_effective"", ""terminated"": false, ""truncated"": false}, {""net_id"": 3, ""action"": ""start_route"", ""success"": false, ""action_class"": ""valid_dispatch_fail"", ""terminated"": false, ""truncated"": false}, {""net_id"": 3, ""action"": ""make_line"", ""success"": false, ""action_class"": ""mask_reject"", ""terminated"": false, ""truncated"": false}, {""net_id"": 3, ""action"": ""net_end"", ""success"": true, ""action_class"": ""valid_effective"", ""terminated"": false, ""truncated"": false}, {""net_id"": 8, ""action"": ""net_select"", ""success"": true, ""action_class"": ""valid_effective"", ""terminated"": false, ""truncated"": false}, {""net_id"": 8, ""action"": ""start_route"", ""success"": false, ""action_class"": ""valid_dispatch_fail"", ""terminated"": false, ""truncated"": false}, {""net_id"": 8, ""action"": ""make_line"", ""success"": false, ""action_class"": ""mask_reject"", ""terminated"": false, ""truncated"": false}, {""net_id"": 8, ""action"": ""net_end"", ""success"": true, ""action_class"": ""valid_effective"", ""terminated"": false, ""truncated"": false}, {""net_id"": 4, ""action"": ""net_select"", ""success"": true, ""action_class"": ""valid_effective"", ""terminated"": false, ""truncated"": false}, {""net_id"": 4, ""action"": ""start_route"", ""success"": false, ""action_class"": ""valid_dispatch_fail"", ""terminated"": false, ""truncated"": false}, {""net_id"": 4, ""action"": ""make_line"", ""success"": false, ""action_class"": ""mask_reject"", ""terminated"": false, ""truncated"": false}, {""net_id"": 4, ""action"": ""net_end"", ""success"": true, ""action_class"": ""valid_effective"", ""terminated"": true, ""truncated"": false}]",False,0.2243063070000062,/content/routescout_phase8b_standalone/artifacts/routed_boards/0031_kitspace_Potentiometer_mount_4LED__mst_easy_first.kicad_pcb,1e255db0cca26464ecf200a115eb71a6ee025c8fcacaca110867ce1acc48102a,
easy,0031_kitspace_Potentiometer_mount_4LED,kitspace_Potentiometer_mount_4LED,mst_hard_first,55e184abc15a01e62dfea38c2d3f549cd470cb94f4476629d8ffaf2088d007a2,"[4, 8, 3, 2, 1, 7, 6, 5]","[4, 8, 3, 2, 1, 7, 6, 5]",True,8,0.0,False,8,False,8,8,False,0.0,0,0,32,16,16,"[{""net_id"": 4, ""action"": ""net_select"", ""success"": true, ""action_class"": ""valid_effective"", ""terminated"": false, ""truncated"": false}, {""net_id"": 4, ""action"": ""start_route"", ""success"": false, ""action_class"": ""valid_dispatch_fail"", ""terminated"": false, ""truncated"": false}, {""net_id"": 4, ""action"": ""make_line"", ""success"": false, ""action_class"": ""mask_reject"", ""terminated"": false, ""truncated"": false}, {""net_id"": 4, ""action"": ""net_end"", ""success"": true, ""action_class"": ""valid_effective"", ""terminated"": false, ""truncated"": false}, {""net_id"": 8, ""action"": ""net_select"", ""success"": true, ""action_class"": ""valid_effective"", ""terminated"": false, ""truncated"": false}, {""net_id"": 8, ""action"": ""start_route"", ""success"": false, ""action_class"": ""valid_dispatch_fail"", ""terminated"": false, ""truncated"": false}, {""net_id"": 8, ""action"": ""make_line"", ""success"": false, ""action_class"": ""mask_reject"", ""terminated"": false, ""truncated"": false}, {""net_id"": 8, ""action"": ""net_end"", ""success"": true, ""action_class"": ""valid_effective"", ""terminated"": false, ""truncated"": false}, {""net_id"": 3, ""action"": ""net_select"", ""success"": true, ""action_class"": ""valid_effective"", ""terminated"": false, ""truncated"": false}, {""net_id"": 3, ""action"": ""start_route"", ""success"": false, ""action_class"": ""valid_dispatch_fail"", ""terminated"": false, ""truncated"": false}, {""net_id"": 3, ""action"": ""make_line"", ""success"": false, ""action_class"": ""mask_reject"", ""terminated"": false, ""truncated"": false}, {""net_id"": 3, ""action"": ""net_end"", ""success"": true, ""action_class"": ""valid_effective"", ""terminated"": false, ""truncated"": false}, {""net_id"": 2, ""action"": ""net_select"", ""success"": true, ""action_class"": ""valid_effective"", ""terminated"": false, ""truncated"": false}, {""net_id"": 2, ""action"": ""start_route"", ""success"": false, ""action_class"": ""valid_dispatch_fail"", ""terminated"": false, ""truncated"": false}, {""net_id"": 2, ""action"": ""make_line"", ""success"": false, ""action_class"": ""mask_reject"", ""terminated"": false, ""truncated"": false}, {""net_id"": 2, ""action"": ""net_end"", ""success"": true, ""action_class"": ""valid_effective"", ""terminated"": false, ""truncated"": false}, {""net_id"": 1, ""action"": ""net_select"", ""success"": true, ""action_class"": ""valid_effective"", ""terminated"": false, ""truncated"": false}, {""net_id"": 1, ""action"": ""start_route"", ""success"": false, ""action_class"": ""valid_dispatch_fail"", ""terminated"": false, ""truncated"": false}, {""net_id"": 1, ""action"": ""make_line"", ""success"": false, ""action_class"": ""mask_reject"", ""terminated"": false, ""truncated"": false}, {""net_id"": 1, ""action"": ""net_end"", ""success"": true, ""action_class"": ""valid_effective"", ""terminated"": false, ""truncated"": false}, {""net_id"": 7, ""action"": ""net_select"", ""success"": true, ""action_class"": ""valid_effective"", ""terminated"": false, ""truncated"": false}, {""net_id"": 7, ""action"": ""start_route"", ""success"": false, ""action_class"": ""valid_dispatch_fail"", ""terminated"": false, ""truncated"": false}, {""net_id"": 7, ""action"": ""make_line"", ""success"": false, ""action_class"": ""mask_reject"", ""terminated"": false, ""truncated"": false}, {""net_id"": 7, ""action"": ""net_end"", ""success"": true, ""action_class"": ""valid_effective"", ""terminated"": false, ""truncated"": false}, {""net_id"": 6, ""action"": ""net_select"", ""success"": true, ""action_class"": ""valid_effective"", ""terminated"": false, ""truncated"": false}, {""net_id"": 6, ""action"": ""start_route"", ""success"": false, ""action_class"": ""valid_dispatch_fail"", ""terminated"": false, ""truncated"": false}, {""net_id"": 6, ""action"": ""make_line"", ""success"": false, ""action_class"": ""mask_reject"", ""terminated"": false, ""truncated"": false}, {""net_id"": 6, ""action"": ""net_end"", ""success"": true, ""action_class"": ""valid_effective"", ""terminated"": false, ""truncated"": false}, {""net_id"": 5, ""action"": ""net_select"", ""success"": true, ""action_class"": ""valid_effective"", ""terminated"": false, ""truncated"": false}, {""net_id"": 5, ""action"": ""start_route"", ""success"": false, ""action_class"": ""valid_dispatch_fail"", ""terminated"": false, ""truncated"": false}, {""net_id"": 5, ""action"": ""make_line"", ""success"": false, ""action_class"": ""mask_reject"", ""terminated"": false, ""truncated"": false}, {""net_id"": 5, ""action"": ""net_end"", ""success"": true, ""action_class"": ""valid_effective"", ""terminated"": true, ""truncated"": false}]",False,0.23053180100032478,/content/routescout_phase8b_standalone/artifacts/routed_boards/0031_kitspace_Potentiometer_mount_4LED__mst_hard_first.kicad_pcb,1e255db0cca26464ecf200a115eb71a6ee025c8fcacaca110867ce1acc48102a,
easy,0031_kitspace_Potentiometer_mount_4LED,kitspace_Potentiometer_mount_4LED,natural,55e184abc15a01e62dfea38c2d3f549cd470cb94f4476629d8ffaf2088d007a2,"[1, 2, 3, 4, 5, 6, 7, 8]","[1, 2, 3, 4, 5, 6, 7, 8]",True,8,0.0,False,8,False,8,8,False,0.0,0,0,32,16,16,"[{""net_id"": 1, ""action"": ""net_select"", ""success"": true, ""action_class"": ""valid_effective"", ""terminated"": false, ""truncated"": false}, {""net_id"": 1, ""action"": ""start_route"", ""success"": false, ""action_class"": ""valid_dispatch_fail"", ""terminated"": false, ""truncated"": false}, {""net_id"": 1, ""action"": ""make_line"", ""success"": false, ""action_class"": ""mask_reject"", ""terminated"": false, ""truncated"": false}, {""net_id"": 1, ""action"": ""net_end"", ""success"": true, ""action_class"": ""valid_effective"", ""terminated"": false, ""truncated"": false}, {""net_id"": 2, ""action"": ""net_select"", ""success"": true, ""action_class"": ""valid_effective"", ""terminated"": false, ""truncated"": false}, {""net_id"": 2, ""action"": ""start_route"", ""success"": false, ""action_class"": ""valid_dispatch_fail"", ""terminated"": false, ""truncated"": false}, {""net_id"": 2, ""action"": ""make_line"", ""success"": false, ""action_class"": ""mask_reject"", ""terminated"": false, ""truncated"": false}, {""net_id"": 2, ""action"": ""net_end"", ""success"": true, ""action_class"": ""valid_effective"", ""terminated"": false, ""truncated"": false}, {""net_id"": 3, ""action"": ""net_select"", ""success"": true, ""action_class"": ""valid_effective"", ""terminated"": false, ""truncated"": false}, {""net_id"": 3, ""action"": ""start_route"", ""success"": false, ""action_class"": ""valid_dispatch_fail"", ""terminated"": false, ""truncated"": false}, {""net_id"": 3, ""action"": ""make_line"", ""success"": false, ""action_class"": ""mask_reject"", ""terminated"": false, ""truncated"": false}, {""net_id"": 3, ""action"": ""net_end"", ""success"": true, ""action_class"": ""valid_effective"", ""terminated"": false, ""truncated"": false}, {""net_id"": 4, ""action"": ""net_select"", ""success"": true, ""action_class"": ""valid_effective"", ""terminated"": false, ""truncated"": false}, {""net_id"": 4, ""action"": ""start_route"", ""success"": false, ""action_class"": ""valid_dispatch_fail"", ""terminated"": false, ""truncated"": false}, {""net_id"": 4, ""action"": ""make_line"", ""success"": false, ""action_class"": ""mask_reject"", ""terminated"": false, ""truncated"": false}, {""net_id"": 4, ""action"": ""net_end"", ""success"": true, ""action_class"": ""valid_effective"", ""terminated"": false, ""truncated"": false}, {""net_id"": 5, ""action"": ""net_select"", ""success"": true, ""action_class"": ""valid_effective"", ""terminated"": false, ""truncated"": false}, {""net_id"": 5, ""action"": ""start_route"", ""success"": false, ""action_class"": ""valid_dispatch_fail"", ""terminated"": false, ""truncated"": false}, {""net_id"": 5, ""action"": ""make_line"", ""success"": false, ""action_class"": ""mask_reject"", ""terminated"": false, ""truncated"": false}, {""net_id"": 5, ""action"": ""net_end"", ""success"": true, ""action_class"": ""valid_effective"", ""terminated"": false, ""truncated"": false}, {""net_id"": 6, ""action"": ""net_select"", ""success"": true, ""action_class"": ""valid_effective"", ""terminated"": false, ""truncated"": false}, {""net_id"": 6, ""action"": ""start_route"", ""success"": false, ""action_class"": ""valid_dispatch_fail"", ""terminated"": false, ""truncated"": false}, {""net_id"": 6, ""action"": ""make_line"", ""success"": false, ""action_class"": ""mask_reject"", ""terminated"": false, ""truncated"": false}, {""net_id"": 6, ""action"": ""net_end"", ""success"": true, ""action_class"": ""valid_effective"", ""terminated"": false, ""truncated"": false}, {""net_id"": 7, ""action"": ""net_select"", ""success"": true, ""action_class"": ""valid_effective"", ""terminated"": false, ""truncated"": false}, {""net_id"": 7, ""action"": ""start_route"", ""success"": false, ""action_class"": ""valid_dispatch_fail"", ""terminated"": false, ""truncated"": false}, {""net_id"": 7, ""action"": ""make_line"", ""success"": false, ""action_class"": ""mask_reject"", ""terminated"": false, ""truncated"": false}, {""net_id"": 7, ""action"": ""net_end"", ""success"": true, ""action_class"": ""valid_effective"", ""terminated"": false, ""truncated"": false}, {""net_id"": 8, ""action"": ""net_select"", ""success"": true, ""action_class"": ""valid_effective"", ""terminated"": false, ""truncated"": false}, {""net_id"": 8, ""action"": ""start_route"", ""success"": false, ""action_class"": ""valid_dispatch_fail"", ""terminated"": false, ""truncated"": false}, {""net_id"": 8, ""action"": ""make_line"", ""success"": false, ""action_class"": ""mask_reject"", ""terminated"": false, ""truncated"": false}, {""net_id"": 8, ""action"": ""net_end"", ""success"": true, ""action_class"": ""valid_effective"", ""terminated"": true, ""truncated"": false}]",False,0.21847653199984052,/content/routescout_phase8b_standalone/artifacts/routed_boards/0031_kitspace_Potentiometer_mount_4LED__natural.kicad_pcb,1e255db0cca26464ecf200a115eb71a6ee025c8fcacaca110867ce1acc48102a,
easy,0032_kitspace_Potentiometer_mount_8LED,kitspace_Potentiometer_mount_8LED,mst_easy_first,862b65ba0e7cfd7f105a9ac65106db25dee2f0338fd94a4a9f328661fd3ae3e5,"[4, 3, 5, 2, 1, 6, 7, 8]","[4, 3, 5, 2, 1, 6, 7, 8]",True,8,0.0,False,8,False,8,8,False,721.6724793385679,0,69,32,16,16,"[{""net_id"": 4, ""action"": ""net_select"", ""success"": true, ""action_class"": ""valid_effective"", ""terminated"": false, ""truncated"": false}, {""net_id"": 4, ""action"": ""start_route"", ""success"": false, ""action_class"": ""valid_dispatch_fail"", ""terminated"": false, ""truncated"": false}, {""net_id"": 4, ""action"": ""make_line"", ""success"": false, ""action_class"": ""mask_reject"", ""terminated"": false, ""truncated"": false}, {""net_id"": 4, ""action"": ""net_end"", ""success"": true, ""action_class"": ""valid_effective"", ""terminated"": false, ""truncated"": false}, {""net_id"": 3, ""action"": ""net_select"", ""success"": true, ""action_class"": ""valid_effective"", ""terminated"": false, ""truncated"": false}, {""net_id"": 3, ""action"": ""start_route"", ""success"": false, ""action_class"": ""valid_dispatch_fail"", ""terminated"": false, ""truncated"": false}, {""net_id"": 3, ""action"": ""make_line"", ""success"": false, ""action_class"": ""mask_reject"", ""terminated"": false, ""truncated"": false}, {""net_id"": 3, ""action"": ""net_end"", ""success"": true, ""action_class"": ""valid_effective"", ""terminated"": false, ""truncated"": false}, {""net_id"": 5, ""action"": ""net_select"", ""success"": true, ""action_class"": ""valid_effective"", ""terminated"": false, ""truncated"": false}, {""net_id"": 5, ""action"": ""start_route"", ""success"": false, ""action_class"": ""valid_dispatch_fail"", ""terminated"": false, ""truncated"": false}, {""net_id"": 5, ""action"": ""make_line"", ""success"": false, ""action_class"": ""mask_reject"", ""terminated"": false, ""truncated"": false}, {""net_id"": 5, ""action"": ""net_end"", ""success"": true, ""action_class"": ""valid_effective"", ""terminated"": false, ""truncated"": false}, {""net_id"": 2, ""action"": ""net_select"", ""success"": true, ""action_class"": ""valid_effective"", ""terminated"": false, ""truncated"": false}, {""net_id"": 2, ""action"": ""start_route"", ""success"": false, ""action_class"": ""valid_dispatch_fail"", ""terminated"": false, ""truncated"": false}, {""net_id"": 2, ""action"": ""make_line"", ""success"": false, ""action_class"": ""mask_reject"", ""terminated"": false, ""truncated"": false}, {""net_id"": 2, ""action"": ""net_end"", ""success"": true, ""action_class"": ""valid_effective"", ""terminated"": false, ""truncated"": false}, {""net_id"": 1, ""action"": ""net_select"", ""success"": true, ""action_class"": ""valid_effective"", ""terminated"": false, ""truncated"": false}, {""net_id"": 1, ""action"": ""start_route"", ""success"": false, ""action_class"": ""valid_dispatch_fail"", ""terminated"": false, ""truncated"": false}, {""net_id"": 1, ""action"": ""make_line"", ""success"": false, ""action_class"": ""mask_reject"", ""terminated"": false, ""truncated"": false}, {""net_id"": 1, ""action"": ""net_end"", ""success"": true, ""action_class"": ""valid_effective"", ""terminated"": false, ""truncated"": false}, {""net_id"": 6, ""action"": ""net_select"", ""success"": true, ""action_class"": ""valid_effective"", ""terminated"": false, ""truncated"": false}, {""net_id"": 6, ""action"": ""start_route"", ""success"": false, ""action_class"": ""valid_dispatch_fail"", ""terminated"": false, ""truncated"": false}, {""net_id"": 6, ""action"": ""make_line"", ""success"": false, ""action_class"": ""mask_reject"", ""terminated"": false, ""truncated"": false}, {""net_id"": 6, ""action"": ""net_end"", ""success"": true, ""action_class"": ""valid_effective"", ""terminated"": false, ""truncated"": false}, {""net_id"": 7, ""action"": ""net_select"", ""success"": true, ""action_class"": ""valid_effective"", ""terminated"": false, ""truncated"": false}, {""net_id"": 7, ""action"": ""start_route"", ""success"": false, ""action_class"": ""valid_dispatch_fail"", ""terminated"": false, ""truncated"": false}, {""net_id"": 7, ""action"": ""make_line"", ""success"": false, ""action_class"": ""mask_reject"", ""terminated"": false, ""truncated"": false}, {""net_id"": 7, ""action"": ""net_end"", ""success"": true, ""action_class"": ""valid_effective"", ""terminated"": false, ""truncated"": false}, {""net_id"": 8, ""action"": ""net_select"", ""success"": true, ""action_class"": ""valid_effective"", ""terminated"": false, ""truncated"": false}, {""net_id"": 8, ""action"": ""start_route"", ""success"": false, ""action_class"": ""valid_dispatch_fail"", ""terminated"": false, ""truncated"": false}, {""net_id"": 8, ""action"": ""make_line"", ""success"": false, ""action_class"": ""mask_reject"", ""terminated"": false, ""truncated"": false}, {""net_id"": 8, ""action"": ""net_end"", ""success"": true, ""action_class"": ""valid_effective"", ""terminated"": true, ""truncated"": false}]",False,0.35595593200014264,/content/routescout_phase8b_standalone/artifacts/routed_boards/0032_kitspace_Potentiometer_mount_8LED__mst_easy_first.kicad_pcb,3a49cf63bc4e16a647939825efc8dfc92c8dd216ccf57e0351c4f88cff016500,
easy,0032_kitspace_Potentiometer_mount_8LED,kitspace_Potentiometer_mount_8LED,mst_hard_first,862b65ba0e7cfd7f105a9ac65106db25dee2f0338fd94a4a9f328661fd3ae3e5,"[8, 7, 6, 1, 2, 5, 3, 4]","[8, 7, 6, 1, 2, 5, 3, 4]",True,8,0.0,False,8,False,8,8,False,721.6724793385679,0,69,32,16,16,"[{""net_id"": 8, ""action"": ""net_select"", ""success"": true, ""action_class"": ""valid_effective"", ""terminated"": false, ""truncated"": false}, {""net_id"": 8, ""action"": ""start_route"", ""success"": false, ""action_class"": ""valid_dispatch_fail"", ""terminated"": false, ""truncated"": false}, {""net_id"": 8, ""action"": ""make_line"", ""success"": false, ""action_class"": ""mask_reject"", ""terminated"": false, ""truncated"": false}, {""net_id"": 8, ""action"": ""net_end"", ""success"": true, ""action_class"": ""valid_effective"", ""terminated"": false, ""truncated"": false}, {""net_id"": 7, ""action"": ""net_select"", ""success"": true, ""action_class"": ""valid_effective"", ""terminated"": false, ""truncated"": false}, {""net_id"": 7, ""action"": ""start_route"", ""success"": false, ""action_class"": ""valid_dispatch_fail"", ""terminated"": false, ""truncated"": false}, {""net_id"": 7, ""action"": ""make_line"", ""success"": false, ""action_class"": ""mask_reject"", ""terminated"": false, ""truncated"": false}, {""net_id"": 7, ""action"": ""net_end"", ""success"": true, ""action_class"": ""valid_effective"", ""terminated"": false, ""truncated"": false}, {""net_id"": 6, ""action"": ""net_select"", ""success"": true, ""action_class"": ""valid_effective"", ""terminated"": false, ""truncated"": false}, {""net_id"": 6, ""action"": ""start_route"", ""success"": false, ""action_class"": ""valid_dispatch_fail"", ""terminated"": false, ""truncated"": false}, {""net_id"": 6, ""action"": ""make_line"", ""success"": false, ""action_class"": ""mask_reject"", ""terminated"": false, ""truncated"": false}, {""net_id"": 6, ""action"": ""net_end"", ""success"": true, ""action_class"": ""valid_effective"", ""terminated"": false, ""truncated"": false}, {""net_id"": 1, ""action"": ""net_select"", ""success"": true, ""action_class"": ""valid_effective"", ""terminated"": false, ""truncated"": false}, {""net_id"": 1, ""action"": ""start_route"", ""success"": false, ""action_class"": ""valid_dispatch_fail"", ""terminated"": false, ""truncated"": false}, {""net_id"": 1, ""action"": ""make_line"", ""success"": false, ""action_class"": ""mask_reject"", ""terminated"": false, ""truncated"": false}, {""net_id"": 1, ""action"": ""net_end"", ""success"": true, ""action_class"": ""valid_effective"", ""terminated"": false, ""truncated"": false}, {""net_id"": 2, ""action"": ""net_select"", ""success"": true, ""action_class"": ""valid_effective"", ""terminated"": false, ""truncated"": false}, {""net_id"": 2, ""action"": ""start_route"", ""success"": false, ""action_class"": ""valid_dispatch_fail"", ""terminated"": false, ""truncated"": false}, {""net_id"": 2, ""action"": ""make_line"", ""success"": false, ""action_class"": ""mask_reject"", ""terminated"": false, ""truncated"": false}, {""net_id"": 2, ""action"": ""net_end"", ""success"": true, ""action_class"": ""valid_effective"", ""terminated"": false, ""truncated"": false}, {""net_id"": 5, ""action"": ""net_select"", ""success"": true, ""action_class"": ""valid_effective"", ""terminated"": false, ""truncated"": false}, {""net_id"": 5, ""action"": ""start_route"", ""success"": false, ""action_class"": ""valid_dispatch_fail"", ""terminated"": false, ""truncated"": false}, {""net_id"": 5, ""action"": ""make_line"", ""success"": false, ""action_class"": ""mask_reject"", ""terminated"": false, ""truncated"": false}, {""net_id"": 5, ""action"": ""net_end"", ""success"": true, ""action_class"": ""valid_effective"", ""terminated"": false, ""truncated"": false}, {""net_id"": 3, ""action"": ""net_select"", ""success"": true, ""action_class"": ""valid_effective"", ""terminated"": false, ""truncated"": false}, {""net_id"": 3, ""action"": ""start_route"", ""success"": false, ""action_class"": ""valid_dispatch_fail"", ""terminated"": false, ""truncated"": false}, {""net_id"": 3, ""action"": ""make_line"", ""success"": false, ""action_class"": ""mask_reject"", ""terminated"": false, ""truncated"": false}, {""net_id"": 3, ""action"": ""net_end"", ""success"": true, ""action_class"": ""valid_effective"", ""terminated"": false, ""truncated"": false}, {""net_id"": 4, ""action"": ""net_select"", ""success"": true, ""action_class"": ""valid_effective"", ""terminated"": false, ""truncated"": false}, {""net_id"": 4, ""action"": ""start_route"", ""success"": false, ""action_class"": ""valid_dispatch_fail"", ""terminated"": false, ""truncated"": false}, {""net_id"": 4, ""action"": ""make_line"", ""success"": false, ""action_class"": ""mask_reject"", ""terminated"": false, ""truncated"": false}, {""net_id"": 4, ""action"": ""net_end"", ""success"": true, ""action_class"": ""valid_effective"", ""terminated"": true, ""truncated"": false}]",False,0.37506099799975345,/content/routescout_phase8b_standalone/artifacts/routed_boards/0032_kitspace_Potentiometer_mount_8LED__mst_hard_first.kicad_pcb,3a49cf63bc4e16a647939825efc8dfc92c8dd216ccf57e0351c4f88cff016500,
easy,0032_kitspace_Potentiometer_mount_8LED,kitspace_Potentiometer_mount_8LED,natural,862b65ba0e7cfd7f105a9ac65106db25dee2f0338fd94a4a9f328661fd3ae3e5,"[1, 2, 3, 4, 5, 6, 7, 8]","[1, 2, 3, 4, 5, 6, 7, 8]",True,8,0.0,False,8,False,8,8,False,721.6724793385679,0,69,32,16,16,"[{""net_id"": 1, ""action"": ""net_select"", ""success"": true, ""action_class"": ""valid_effective"", ""terminated"": false, ""truncated"": false}, {""net_id"": 1, ""action"": ""start_route"", ""success"": false, ""action_class"": ""valid_dispatch_fail"", ""terminated"": false, ""truncated"": false}, {""net_id"": 1, ""action"": ""make_line"", ""success"": false, ""action_class"": ""mask_reject"", ""terminated"": false, ""truncated"": false}, {""net_id"": 1, ""action"": ""net_end"", ""success"": true, ""action_class"": ""valid_effective"", ""terminated"": false, ""truncated"": false}, {""net_id"": 2, ""action"": ""net_select"", ""success"": true, ""action_class"": ""valid_effective"", ""terminated"": false, ""truncated"": false}, {""net_id"": 2, ""action"": ""start_route"", ""success"": false, ""action_class"": ""valid_dispatch_fail"", ""terminated"": false, ""truncated"": false}, {""net_id"": 2, ""action"": ""make_line"", ""success"": false, ""action_class"": ""mask_reject"", ""terminated"": false, ""truncated"": false}, {""net_id"": 2, ""action"": ""net_end"", ""success"": true, ""action_class"": ""valid_effective"", ""terminated"": false, ""truncated"": false}, {""net_id"": 3, ""action"": ""net_select"", ""success"": true, ""action_class"": ""valid_effective"", ""terminated"": false, ""truncated"": false}, {""net_id"": 3, ""action"": ""start_route"", ""success"": false, ""action_class"": ""valid_dispatch_fail"", ""terminated"": false, ""truncated"": false}, {""net_id"": 3, ""action"": ""make_line"", ""success"": false, ""action_class"": ""mask_reject"", ""terminated"": false, ""truncated"": false}, {""net_id"": 3, ""action"": ""net_end"", ""success"": true, ""action_class"": ""valid_effective"", ""terminated"": false, ""truncated"": false}, {""net_id"": 4, ""action"": ""net_select"", ""success"": true, ""action_class"": ""valid_effective"", ""terminated"": false, ""truncated"": false}, {""net_id"": 4, ""action"": ""start_route"", ""success"": false, ""action_class"": ""valid_dispatch_fail"", ""terminated"": false, ""truncated"": false}, {""net_id"": 4, ""action"": ""make_line"", ""success"": false, ""action_class"": ""mask_reject"", ""terminated"": false, ""truncated"": false}, {""net_id"": 4, ""action"": ""net_end"", ""success"": true, ""action_class"": ""valid_effective"", ""terminated"": false, ""truncated"": false}, {""net_id"": 5, ""action"": ""net_select"", ""success"": true, ""action_class"": ""valid_effective"", ""terminated"": false, ""truncated"": false}, {""net_id"": 5, ""action"": ""start_route"", ""success"": false, ""action_class"": ""valid_dispatch_fail"", ""terminated"": false, ""truncated"": false}, {""net_id"": 5, ""action"": ""make_line"", ""success"": false, ""action_class"": ""mask_reject"", ""terminated"": false, ""truncated"": false}, {""net_id"": 5, ""action"": ""net_end"", ""success"": true, ""action_class"": ""valid_effective"", ""terminated"": false, ""truncated"": false}, {""net_id"": 6, ""action"": ""net_select"", ""success"": true, ""action_class"": ""valid_effective"", ""terminated"": false, ""truncated"": false}, {""net_id"": 6, ""action"": ""start_route"", ""success"": false, ""action_class"": ""valid_dispatch_fail"", ""terminated"": false, ""truncated"": false}, {""net_id"": 6, ""action"": ""make_line"", ""success"": false, ""action_class"": ""mask_reject"", ""terminated"": false, ""truncated"": false}, {""net_id"": 6, ""action"": ""net_end"", ""success"": true, ""action_class"": ""valid_effective"", ""terminated"": false, ""truncated"": false}, {""net_id"": 7, ""action"": ""net_select"", ""success"": true, ""action_class"": ""valid_effective"", ""terminated"": false, ""truncated"": false}, {""net_id"": 7, ""action"": ""start_route"", ""success"": false, ""action_class"": ""valid_dispatch_fail"", ""terminated"": false, ""truncated"": false}, {""net_id"": 7, ""action"": ""make_line"", ""success"": false, ""action_class"": ""mask_reject"", ""terminated"": false, ""truncated"": false}, {""net_id"": 7, ""action"": ""net_end"", ""success"": true, ""action_class"": ""valid_effective"", ""terminated"": false, ""truncated"": false}, {""net_id"": 8, ""action"": ""net_select"", ""success"": true, ""action_class"": ""valid_effective"", ""terminated"": false, ""truncated"": false}, {""net_id"": 8, ""action"": ""start_route"", ""success"": false, ""action_class"": ""valid_dispatch_fail"", ""terminated"": false, ""truncated"": false}, {""net_id"": 8, ""action"": ""make_line"", ""success"": false, ""action_class"": ""mask_reject"", ""terminated"": false, ""truncated"": false}, {""net_id"": 8, ""action"": ""net_end"", ""success"": true, ""action_class"": ""valid_effective"", ""terminated"": true, ""truncated"": false}]",False,0.3698126349991071,/content/routescout_phase8b_standalone/artifacts/routed_boards/0032_kitspace_Potentiometer_mount_8LED__natural.kicad_pcb,3a49cf63bc4e16a647939825efc8dfc92c8dd216ccf57e0351c4f88cff016500,
easy,0033_breakout-boards_swd-to-wires,breakout-boards_swd-to-wires,mst_easy_first,bfd6f6b458397383c05cdc214970bea61b355a09cfabb2cb343c555bb4775c66,"[9, 8, 3, 6, 2, 1, 5]","[9, 8, 3, 6, 2, 1, 5]",True,7,0.0,False,7,False,7,7,False,18.496048311280624,0,10,28,14,14,"[{""net_id"": 9, ""action"": ""net_select"", ""success"": true, ""action_class"": ""valid_effective"", ""terminated"": false, ""truncated"": false}, {""net_id"": 9, ""action"": ""start_route"", ""success"": false, ""action_class"": ""valid_dispatch_fail"", ""terminated"": false, ""truncated"": false}, {""net_id"": 9, ""action"": ""make_line"", ""success"": false, ""action_class"": ""mask_reject"", ""terminated"": false, ""truncated"": false}, {""net_id"": 9, ""action"": ""net_end"", ""success"": true, ""action_class"": ""valid_effective"", ""terminated"": false, ""truncated"": false}, {""net_id"": 8, ""action"": ""net_select"", ""success"": true, ""action_class"": ""valid_effective"", ""terminated"": false, ""truncated"": false}, {""net_id"": 8, ""action"": ""start_route"", ""success"": false, ""action_class"": ""valid_dispatch_fail"", ""terminated"": false, ""truncated"": false}, {""net_id"": 8, ""action"": ""make_line"", ""success"": false, ""action_class"": ""mask_reject"", ""terminated"": false, ""truncated"": false}, {""net_id"": 8, ""action"": ""net_end"", ""success"": true, ""action_class"": ""valid_effective"", ""terminated"": false, ""truncated"": false}, {""net_id"": 3, ""action"": ""net_select"", ""success"": true, ""action_class"": ""valid_effective"", ""terminated"": false, ""truncated"": false}, {""net_id"": 3, ""action"": ""start_route"", ""success"": false, ""action_class"": ""valid_dispatch_fail"", ""terminated"": false, ""truncated"": false}, {""net_id"": 3, ""action"": ""make_line"", ""success"": false, ""action_class"": ""mask_reject"", ""terminated"": false, ""truncated"": false}, {""net_id"": 3, ""action"": ""net_end"", ""success"": true, ""action_class"": ""valid_effective"", ""terminated"": false, ""truncated"": false}, {""net_id"": 6, ""action"": ""net_select"", ""success"": true, ""action_class"": ""valid_effective"", ""terminated"": false, ""truncated"": false}, {""net_id"": 6, ""action"": ""start_route"", ""success"": false, ""action_class"": ""valid_dispatch_fail"", ""terminated"": false, ""truncated"": false}, {""net_id"": 6, ""action"": ""make_line"", ""success"": false, ""action_class"": ""mask_reject"", ""terminated"": false, ""truncated"": false}, {""net_id"": 6, ""action"": ""net_end"", ""success"": true, ""action_class"": ""valid_effective"", ""terminated"": false, ""truncated"": false}, {""net_id"": 2, ""action"": ""net_select"", ""success"": true, ""action_class"": ""valid_effective"", ""terminated"": false, ""truncated"": false}, {""net_id"": 2, ""action"": ""start_route"", ""success"": false, ""action_class"": ""valid_dispatch_fail"", ""terminated"": false, ""truncated"": false}, {""net_id"": 2, ""action"": ""make_line"", ""success"": false, ""action_class"": ""mask_reject"", ""terminated"": false, ""truncated"": false}, {""net_id"": 2, ""action"": ""net_end"", ""success"": true, ""action_class"": ""valid_effective"", ""terminated"": false, ""truncated"": false}, {""net_id"": 1, ""action"": ""net_select"", ""success"": true, ""action_class"": ""valid_effective"", ""terminated"": false, ""truncated"": false}, {""net_id"": 1, ""action"": ""start_route"", ""success"": false, ""action_class"": ""valid_dispatch_fail"", ""terminated"": false, ""truncated"": false}, {""net_id"": 1, ""action"": ""make_line"", ""success"": false, ""action_class"": ""mask_reject"", ""terminated"": false, ""truncated"": false}, {""net_id"": 1, ""action"": ""net_end"", ""success"": true, ""action_class"": ""valid_effective"", ""terminated"": false, ""truncated"": false}, {""net_id"": 5, ""action"": ""net_select"", ""success"": true, ""action_class"": ""valid_effective"", ""terminated"": false, ""truncated"": false}, {""net_id"": 5, ""action"": ""start_route"", ""success"": false, ""action_class"": ""valid_dispatch_fail"", ""terminated"": false, ""truncated"": false}, {""net_id"": 5, ""action"": ""make_line"", ""success"": false, ""action_class"": ""mask_reject"", ""terminated"": false, ""truncated"": false}, {""net_id"": 5, ""action"": ""net_end"", ""success"": true, ""action_class"": ""valid_effective"", ""terminated"": true, ""truncated"": false}]",False,0.2850163439998141,/content/routescout_phase8b_standalone/artifacts/routed_boards/0033_breakout-boards_swd-to-wires__mst_easy_first.kicad_pcb,eb5404e13473e2cd65213fc475233d538cd5e89ff7644a6c674179d513ae4851,
easy,0033_breakout-boards_swd-to-wires,breakout-boards_swd-to-wires,mst_hard_first,bfd6f6b458397383c05cdc214970bea61b355a09cfabb2cb343c555bb4775c66,"[5, 1, 2, 6, 3, 8, 9]","[5, 1, 2, 6, 3, 8, 9]",True,7,0.0,False,7,False,7,7,False,18.496048311280624,0,10,28,14,14,"[{""net_id"": 5, ""action"": ""net_select"", ""success"": true, ""action_class"": ""valid_effective"", ""terminated"": false, ""truncated"": false}, {""net_id"": 5, ""action"": ""start_route"", ""success"": false, ""action_class"": ""valid_dispatch_fail"", ""terminated"": false, ""truncated"": false}, {""net_id"": 5, ""action"": ""make_line"", ""success"": false, ""action_class"": ""mask_reject"", ""terminated"": false, ""truncated"": false}, {""net_id"": 5, ""action"": ""net_end"", ""success"": true, ""action_class"": ""valid_effective"", ""terminated"": false, ""truncated"": false}, {""net_id"": 1, ""action"": ""net_select"", ""success"": true, ""action_class"": ""valid_effective"", ""terminated"": false, ""truncated"": false}, {""net_id"": 1, ""action"": ""start_route"", ""success"": false, ""action_class"": ""valid_dispatch_fail"", ""terminated"": false, ""truncated"": false}, {""net_id"": 1, ""action"": ""make_line"", ""success"": false, ""action_class"": ""mask_reject"", ""terminated"": false, ""truncated"": false}, {""net_id"": 1, ""action"": ""net_end"", ""success"": true, ""action_class"": ""valid_effective"", ""terminated"": false, ""truncated"": false}, {""net_id"": 2, ""action"": ""net_select"", ""success"": true, ""action_class"": ""valid_effective"", ""terminated"": false, ""truncated"": false}, {""net_id"": 2, ""action"": ""start_route"", ""success"": false, ""action_class"": ""valid_dispatch_fail"", ""terminated"": false, ""truncated"": false}, {""net_id"": 2, ""action"": ""make_line"", ""success"": false, ""action_class"": ""mask_reject"", ""terminated"": false, ""truncated"": false}, {""net_id"": 2, ""action"": ""net_end"", ""success"": true, ""action_class"": ""valid_effective"", ""terminated"": false, ""truncated"": false}, {""net_id"": 6, ""action"": ""net_select"", ""success"": true, ""action_class"": ""valid_effective"", ""terminated"": false, ""truncated"": false}, {""net_id"": 6, ""action"": ""start_route"", ""success"": false, ""action_class"": ""valid_dispatch_fail"", ""terminated"": false, ""truncated"": false}, {""net_id"": 6, ""action"": ""make_line"", ""success"": false, ""action_class"": ""mask_reject"", ""terminated"": false, ""truncated"": false}, {""net_id"": 6, ""action"": ""net_end"", ""success"": true, ""action_class"": ""valid_effective"", ""terminated"": false, ""truncated"": false}, {""net_id"": 3, ""action"": ""net_select"", ""success"": true, ""action_class"": ""valid_effective"", ""terminated"": false, ""truncated"": false}, {""net_id"": 3, ""action"": ""start_route"", ""success"": false, ""action_class"": ""valid_dispatch_fail"", ""terminated"": false, ""truncated"": false}, {""net_id"": 3, ""action"": ""make_line"", ""success"": false, ""action_class"": ""mask_reject"", ""terminated"": false, ""truncated"": false}, {""net_id"": 3, ""action"": ""net_end"", ""success"": true, ""action_class"": ""valid_effective"", ""terminated"": false, ""truncated"": false}, {""net_id"": 8, ""action"": ""net_select"", ""success"": true, ""action_class"": ""valid_effective"", ""terminated"": false, ""truncated"": false}, {""net_id"": 8, ""action"": ""start_route"", ""success"": false, ""action_class"": ""valid_dispatch_fail"", ""terminated"": false, ""truncated"": false}, {""net_id"": 8, ""action"": ""make_line"", ""success"": false, ""action_class"": ""mask_reject"", ""terminated"": false, ""truncated"": false}, {""net_id"": 8, ""action"": ""net_end"", ""success"": true, ""action_class"": ""valid_effective"", ""terminated"": false, ""truncated"": false}, {""net_id"": 9, ""action"": ""net_select"", ""success"": true, ""action_class"": ""valid_effective"", ""terminated"": false, ""truncated"": false}, {""net_id"": 9, ""action"": ""start_route"", ""success"": false, ""action_class"": ""valid_dispatch_fail"", ""terminated"": false, ""truncated"": false}, {""net_id"": 9, ""action"": ""make_line"", ""success"": false, ""action_class"": ""mask_reject"", ""terminated"": false, ""truncated"": false}, {""net_id"": 9, ""action"": ""net_end"", ""success"": true, ""action_class"": ""valid_effective"", ""terminated"": true, ""truncated"": false}]",False,0.2859453660003055,/content/routescout_phase8b_standalone/artifacts/routed_boards/0033_breakout-boards_swd-to-wires__mst_hard_first.kicad_pcb,eb5404e13473e2cd65213fc475233d538cd5e89ff7644a6c674179d513ae4851,
easy,0033_breakout-boards_swd-to-wires,breakout-boards_swd-to-wires,natural,bfd6f6b458397383c05cdc214970bea61b355a09cfabb2cb343c555bb4775c66,"[1, 2, 3, 5, 6, 8, 9]","[1, 2, 3, 5, 6, 8, 9]",True,7,0.0,False,7,False,7,7,False,18.496048311280624,0,10,28,14,14,"[{""net_id"": 1, ""action"": ""net_select"", ""success"": true, ""action_class"": ""valid_effective"", ""terminated"": false, ""truncated"": false}, {""net_id"": 1, ""action"": ""start_route"", ""success"": false, ""action_class"": ""valid_dispatch_fail"", ""terminated"": false, ""truncated"": false}, {""net_id"": 1, ""action"": ""make_line"", ""success"": false, ""action_class"": ""mask_reject"", ""terminated"": false, ""truncated"": false}, {""net_id"": 1, ""action"": ""net_end"", ""success"": true, ""action_class"": ""valid_effective"", ""terminated"": false, ""truncated"": false}, {""net_id"": 2, ""action"": ""net_select"", ""success"": true, ""action_class"": ""valid_effective"", ""terminated"": false, ""truncated"": false}, {""net_id"": 2, ""action"": ""start_route"", ""success"": false, ""action_class"": ""valid_dispatch_fail"", ""terminated"": false, ""truncated"": false}, {""net_id"": 2, ""action"": ""make_line"", ""success"": false, ""action_class"": ""mask_reject"", ""terminated"": false, ""truncated"": false}, {""net_id"": 2, ""action"": ""net_end"", ""success"": true, ""action_class"": ""valid_effective"", ""terminated"": false, ""truncated"": false}, {""net_id"": 3, ""action"": ""net_select"", ""success"": true, ""action_class"": ""valid_effective"", ""terminated"": false, ""truncated"": false}, {""net_id"": 3, ""action"": ""start_route"", ""success"": false, ""action_class"": ""valid_dispatch_fail"", ""terminated"": false, ""truncated"": false}, {""net_id"": 3, ""action"": ""make_line"", ""success"": false, ""action_class"": ""mask_reject"", ""terminated"": false, ""truncated"": false}, {""net_id"": 3, ""action"": ""net_end"", ""success"": true, ""action_class"": ""valid_effective"", ""terminated"": false, ""truncated"": false}, {""net_id"": 5, ""action"": ""net_select"", ""success"": true, ""action_class"": ""valid_effective"", ""terminated"": false, ""truncated"": false}, {""net_id"": 5, ""action"": ""start_route"", ""success"": false, ""action_class"": ""valid_dispatch_fail"", ""terminated"": false, ""truncated"": false}, {""net_id"": 5, ""action"": ""make_line"", ""success"": false, ""action_class"": ""mask_reject"", ""terminated"": false, ""truncated"": false}, {""net_id"": 5, ""action"": ""net_end"", ""success"": true, ""action_class"": ""valid_effective"", ""terminated"": false, ""truncated"": false}, {""net_id"": 6, ""action"": ""net_select"", ""success"": true, ""action_class"": ""valid_effective"", ""terminated"": false, ""truncated"": false}, {""net_id"": 6, ""action"": ""start_route"", ""success"": false, ""action_class"": ""valid_dispatch_fail"", ""terminated"": false, ""truncated"": false}, {""net_id"": 6, ""action"": ""make_line"", ""success"": false, ""action_class"": ""mask_reject"", ""terminated"": false, ""truncated"": false}, {""net_id"": 6, ""action"": ""net_end"", ""success"": true, ""action_class"": ""valid_effective"", ""terminated"": false, ""truncated"": false}, {""net_id"": 8, ""action"": ""net_select"", ""success"": true, ""action_class"": ""valid_effective"", ""terminated"": false, ""truncated"": false}, {""net_id"": 8, ""action"": ""start_route"", ""success"": false, ""action_class"": ""valid_dispatch_fail"", ""terminated"": false, ""truncated"": false}, {""net_id"": 8, ""action"": ""make_line"", ""success"": false, ""action_class"": ""mask_reject"", ""terminated"": false, ""truncated"": false}, {""net_id"": 8, ""action"": ""net_end"", ""success"": true, ""action_class"": ""valid_effective"", ""terminated"": false, ""truncated"": false}, {""net_id"": 9, ""action"": ""net_select"", ""success"": true, ""action_class"": ""valid_effective"", ""terminated"": false, ""truncated"": false}, {""net_id"": 9, ""action"": ""start_route"", ""success"": false, ""action_class"": ""valid_dispatch_fail"", ""terminated"": false, ""truncated"": false}, {""net_id"": 9, ""action"": ""make_line"", ""success"": false, ""action_class"": ""mask_reject"", ""terminated"": false, ""truncated"": false}, {""net_id"": 9, ""action"": ""net_end"", ""success"": true, ""action_class"": ""valid_effective"", ""terminated"": true, ""truncated"": false}]",False,0.25682577900079195,/content/routescout_phase8b_standalone/artifacts/routed_boards/0033_breakout-boards_swd-to-wires__natural.kicad_pcb,eb5404e13473e2cd65213fc475233d538cd5e89ff7644a6c674179d513ae4851,
easy,0035_KiCad-Like-a-Pro-Tutorial_rf24-breakout-v1,KiCad-Like-a-Pro-Tutorial_rf24-breakout-v1,mst_easy_first,9999d801eb97c2a14f5af51ebfbb28d9d6426a4ebcf579472545048abff0ea0e,"[1, 2, 4, 3, 5, 6]","[1, 2, 4, 3, 5, 6]",True,6,0.0,False,6,False,6,6,False,88.88288413553158,0,16,24,12,12,"[{""net_id"": 1, ""action"": ""net_select"", ""success"": true, ""action_class"": ""valid_effective"", ""terminated"": false, ""truncated"": false}, {""net_id"": 1, ""action"": ""start_route"", ""success"": false, ""action_class"": ""valid_dispatch_fail"", ""terminated"": false, ""truncated"": false}, {""net_id"": 1, ""action"": ""make_line"", ""success"": false, ""action_class"": ""mask_reject"", ""terminated"": false, ""truncated"": false}, {""net_id"": 1, ""action"": ""net_end"", ""success"": true, ""action_class"": ""valid_effective"", ""terminated"": false, ""truncated"": false}, {""net_id"": 2, ""action"": ""net_select"", ""success"": true, ""action_class"": ""valid_effective"", ""terminated"": false, ""truncated"": false}, {""net_id"": 2, ""action"": ""start_route"", ""success"": false, ""action_class"": ""valid_dispatch_fail"", ""terminated"": false, ""truncated"": false}, {""net_id"": 2, ""action"": ""make_line"", ""success"": false, ""action_class"": ""mask_reject"", ""terminated"": false, ""truncated"": false}, {""net_id"": 2, ""action"": ""net_end"", ""success"": true, ""action_class"": ""valid_effective"", ""terminated"": false, ""truncated"": false}, {""net_id"": 4, ""action"": ""net_select"", ""success"": true, ""action_class"": ""valid_effective"", ""terminated"": false, ""truncated"": false}, {""net_id"": 4, ""action"": ""start_route"", ""success"": false, ""action_class"": ""valid_dispatch_fail"", ""terminated"": false, ""truncated"": false}, {""net_id"": 4, ""action"": ""make_line"", ""success"": false, ""action_class"": ""mask_reject"", ""terminated"": false, ""truncated"": false}, {""net_id"": 4, ""action"": ""net_end"", ""success"": true, ""action_class"": ""valid_effective"", ""terminated"": false, ""truncated"": false}, {""net_id"": 3, ""action"": ""net_select"", ""success"": true, ""action_class"": ""valid_effective"", ""terminated"": false, ""truncated"": false}, {""net_id"": 3, ""action"": ""start_route"", ""success"": false, ""action_class"": ""valid_dispatch_fail"", ""terminated"": false, ""truncated"": false}, {""net_id"": 3, ""action"": ""make_line"", ""success"": false, ""action_class"": ""mask_reject"", ""terminated"": false, ""truncated"": false}, {""net_id"": 3, ""action"": ""net_end"", ""success"": true, ""action_class"": ""valid_effective"", ""terminated"": false, ""truncated"": false}, {""net_id"": 5, ""action"": ""net_select"", ""success"": true, ""action_class"": ""valid_effective"", ""terminated"": false, ""truncated"": false}, {""net_id"": 5, ""action"": ""start_route"", ""success"": false, ""action_class"": ""valid_dispatch_fail"", ""terminated"": false, ""truncated"": false}, {""net_id"": 5, ""action"": ""make_line"", ""success"": false, ""action_class"": ""mask_reject"", ""terminated"": false, ""truncated"": false}, {""net_id"": 5, ""action"": ""net_end"", ""success"": true, ""action_class"": ""valid_effective"", ""terminated"": false, ""truncated"": false}, {""net_id"": 6, ""action"": ""net_select"", ""success"": true, ""action_class"": ""valid_effective"", ""terminated"": false, ""truncated"": false}, {""net_id"": 6, ""action"": ""start_route"", ""success"": false, ""action_class"": ""valid_dispatch_fail"", ""terminated"": false, ""truncated"": false}, {""net_id"": 6, ""action"": ""make_line"", ""success"": false, ""action_class"": ""mask_reject"", ""terminated"": false, ""truncated"": false}, {""net_id"": 6, ""action"": ""net_end"", ""success"": true, ""action_class"": ""valid_effective"", ""terminated"": true, ""truncated"": false}]",False,0.30733109900029376,/content/routescout_phase8b_standalone/artifacts/routed_boards/0035_KiCad-Like-a-Pro-Tutorial_rf24-breakout-v1__mst_easy_first.kicad_pcb,9049e72711d1dcb0fda9f28cff9ebde647e7ac1438e449342bc83a67dd410237,
easy,0035_KiCad-Like-a-Pro-Tutorial_rf24-breakout-v1,KiCad-Like-a-Pro-Tutorial_rf24-breakout-v1,mst_hard_first,9999d801eb97c2a14f5af51ebfbb28d9d6426a4ebcf579472545048abff0ea0e,"[6, 5, 3, 4, 2, 1]","[6, 5, 3, 4, 2, 1]",True,6,0.0,False,6,False,6,6,False,88.88288413553158,0,16,24,12,12,"[{""net_id"": 6, ""action"": ""net_select"", ""success"": true, ""action_class"": ""valid_effective"", ""terminated"": false, ""truncated"": false}, {""net_id"": 6, ""action"": ""start_route"", ""success"": false, ""action_class"": ""valid_dispatch_fail"", ""terminated"": false, ""truncated"": false}, {""net_id"": 6, ""action"": ""make_line"", ""success"": false, ""action_class"": ""mask_reject"", ""terminated"": false, ""truncated"": false}, {""net_id"": 6, ""action"": ""net_end"", ""success"": true, ""action_class"": ""valid_effective"", ""terminated"": false, ""truncated"": false}, {""net_id"": 5, ""action"": ""net_select"", ""success"": true, ""action_class"": ""valid_effective"", ""terminated"": false, ""truncated"": false}, {""net_id"": 5, ""action"": ""start_route"", ""success"": false, ""action_class"": ""valid_dispatch_fail"", ""terminated"": false, ""truncated"": false}, {""net_id"": 5, ""action"": ""make_line"", ""success"": false, ""action_class"": ""mask_reject"", ""terminated"": false, ""truncated"": false}, {""net_id"": 5, ""action"": ""net_end"", ""success"": true, ""action_class"": ""valid_effective"", ""terminated"": false, ""truncated"": false}, {""net_id"": 3, ""action"": ""net_select"", ""success"": true, ""action_class"": ""valid_effective"", ""terminated"": false, ""truncated"": false}, {""net_id"": 3, ""action"": ""start_route"", ""success"": false, ""action_class"": ""valid_dispatch_fail"", ""terminated"": false, ""truncated"": false}, {""net_id"": 3, ""action"": ""make_line"", ""success"": false, ""action_class"": ""mask_reject"", ""terminated"": false, ""truncated"": false}, {""net_id"": 3, ""action"": ""net_end"", ""success"": true, ""action_class"": ""valid_effective"", ""terminated"": false, ""truncated"": false}, {""net_id"": 4, ""action"": ""net_select"", ""success"": true, ""action_class"": ""valid_effective"", ""terminated"": false, ""truncated"": false}, {""net_id"": 4, ""action"": ""start_route"", ""success"": false, ""action_class"": ""valid_dispatch_fail"", ""terminated"": false, ""truncated"": false}, {""net_id"": 4, ""action"": ""make_line"", ""success"": false, ""action_class"": ""mask_reject"", ""terminated"": false, ""truncated"": false}, {""net_id"": 4, ""action"": ""net_end"", ""success"": true, ""action_class"": ""valid_effective"", ""terminated"": false, ""truncated"": false}, {""net_id"": 2, ""action"": ""net_select"", ""success"": true, ""action_class"": ""valid_effective"", ""terminated"": false, ""truncated"": false}, {""net_id"": 2, ""action"": ""start_route"", ""success"": false, ""action_class"": ""valid_dispatch_fail"", ""terminated"": false, ""truncated"": false}, {""net_id"": 2, ""action"": ""make_line"", ""success"": false, ""action_class"": ""mask_reject"", ""terminated"": false, ""truncated"": false}, {""net_id"": 2, ""action"": ""net_end"", ""success"": true, ""action_class"": ""valid_effective"", ""terminated"": false, ""truncated"": false}, {""net_id"": 1, ""action"": ""net_select"", ""success"": true, ""action_class"": ""valid_effective"", ""terminated"": false, ""truncated"": false}, {""net_id"": 1, ""action"": ""start_route"", ""success"": false, ""action_class"": ""valid_dispatch_fail"", ""terminated"": false, ""truncated"": false}, {""net_id"": 1, ""action"": ""make_line"", ""success"": false, ""action_class"": ""mask_reject"", ""terminated"": false, ""truncated"": false}, {""net_id"": 1, ""action"": ""net_end"", ""success"": true, ""action_class"": ""valid_effective"", ""terminated"": true, ""truncated"": false}]",False,0.2887540819992864,/content/routescout_phase8b_standalone/artifacts/routed_boards/0035_KiCad-Like-a-Pro-Tutorial_rf24-breakout-v1__mst_hard_first.kicad_pcb,9049e72711d1dcb0fda9f28cff9ebde647e7ac1438e449342bc83a67dd410237,
easy,0035_KiCad-Like-a-Pro-Tutorial_rf24-breakout-v1,KiCad-Like-a-Pro-Tutorial_rf24-breakout-v1,natural,9999d801eb97c2a14f5af51ebfbb28d9d6426a4ebcf579472545048abff0ea0e,"[1, 2, 3, 4, 5, 6]","[1, 2, 3, 4, 5, 6]",True,6,0.0,False,6,False,6,6,False,88.88288413553158,0,16,24,12,12,"[{""net_id"": 1, ""action"": ""net_select"", ""success"": true, ""action_class"": ""valid_effective"", ""terminated"": false, ""truncated"": false}, {""net_id"": 1, ""action"": ""start_route"", ""success"": false, ""action_class"": ""valid_dispatch_fail"", ""terminated"": false, ""truncated"": false}, {""net_id"": 1, ""action"": ""make_line"", ""success"": false, ""action_class"": ""mask_reject"", ""terminated"": false, ""truncated"": false}, {""net_id"": 1, ""action"": ""net_end"", ""success"": true, ""action_class"": ""valid_effective"", ""terminated"": false, ""truncated"": false}, {""net_id"": 2, ""action"": ""net_select"", ""success"": true, ""action_class"": ""valid_effective"", ""terminated"": false, ""truncated"": false}, {""net_id"": 2, ""action"": ""start_route"", ""success"": false, ""action_class"": ""valid_dispatch_fail"", ""terminated"": false, ""truncated"": false}, {""net_id"": 2, ""action"": ""make_line"", ""success"": false, ""action_class"": ""mask_reject"", ""terminated"": false, ""truncated"": false}, {""net_id"": 2, ""action"": ""net_end"", ""success"": true, ""action_class"": ""valid_effective"", ""terminated"": false, ""truncated"": false}, {""net_id"": 3, ""action"": ""net_select"", ""success"": true, ""action_class"": ""valid_effective"", ""terminated"": false, ""truncated"": false}, {""net_id"": 3, ""action"": ""start_route"", ""success"": false, ""action_class"": ""valid_dispatch_fail"", ""terminated"": false, ""truncated"": false}, {""net_id"": 3, ""action"": ""make_line"", ""success"": false, ""action_class"": ""mask_reject"", ""terminated"": false, ""truncated"": false}, {""net_id"": 3, ""action"": ""net_end"", ""success"": true, ""action_class"": ""valid_effective"", ""terminated"": false, ""truncated"": false}, {""net_id"": 4, ""action"": ""net_select"", ""success"": true, ""action_class"": ""valid_effective"", ""terminated"": false, ""truncated"": false}, {""net_id"": 4, ""action"": ""start_route"", ""success"": false, ""action_class"": ""valid_dispatch_fail"", ""terminated"": false, ""truncated"": false}, {""net_id"": 4, ""action"": ""make_line"", ""success"": false, ""action_class"": ""mask_reject"", ""terminated"": false, ""truncated"": false}, {""net_id"": 4, ""action"": ""net_end"", ""success"": true, ""action_class"": ""valid_effective"", ""terminated"": false, ""truncated"": false}, {""net_id"": 5, ""action"": ""net_select"", ""success"": true, ""action_class"": ""valid_effective"", ""terminated"": false, ""truncated"": false}, {""net_id"": 5, ""action"": ""start_route"", ""success"": false, ""action_class"": ""valid_dispatch_fail"", ""terminated"": false, ""truncated"": false}, {""net_id"": 5, ""action"": ""make_line"", ""success"": false, ""action_class"": ""mask_reject"", ""terminated"": false, ""truncated"": false}, {""net_id"": 5, ""action"": ""net_end"", ""success"": true, ""action_class"": ""valid_effective"", ""terminated"": false, ""truncated"": false}, {""net_id"": 6, ""action"": ""net_select"", ""success"": true, ""action_class"": ""valid_effective"", ""terminated"": false, ""truncated"": false}, {""net_id"": 6, ""action"": ""start_route"", ""success"": false, ""action_class"": ""valid_dispatch_fail"", ""terminated"": false, ""truncated"": false}, {""net_id"": 6, ""action"": ""make_line"", ""success"": false, ""action_class"": ""mask_reject"", ""terminated"": false, ""truncated"": false}, {""net_id"": 6, ""action"": ""net_end"", ""success"": true, ""action_class"": ""valid_effective"", ""terminated"": true, ""truncated"": false}]",False,0.28447885400055384,/content/routescout_phase8b_standalone/artifacts/routed_boards/0035_KiCad-Like-a-Pro-Tutorial_rf24-breakout-v1__natural.kicad_pcb,9049e72711d1dcb0fda9f28cff9ebde647e7ac1438e449342bc83a67dd410237,
easy,0036_nRF24breakoutBoard_nRF24-breakout,nRF24breakoutBoard_nRF24-breakout,mst_easy_first,dee694d5c9ef815afd2379e108d45eeafabea630b9a196b1340a5d59c7c10863,"[1, 2, 3, 4, 5, 6]","[1, 2, 3, 4, 5, 6]",True,6,0.0,False,6,False,6,6,False,19.044355893086603,0,14,24,12,12,"[{""net_id"": 1, ""action"": ""net_select"", ""success"": true, ""action_class"": ""valid_effective"", ""terminated"": false, ""truncated"": false}, {""net_id"": 1, ""action"": ""start_route"", ""success"": false, ""action_class"": ""valid_dispatch_fail"", ""terminated"": false, ""truncated"": false}, {""net_id"": 1, ""action"": ""make_line"", ""success"": false, ""action_class"": ""mask_reject"", ""terminated"": false, ""truncated"": false}, {""net_id"": 1, ""action"": ""net_end"", ""success"": true, ""action_class"": ""valid_effective"", ""terminated"": false, ""truncated"": false}, {""net_id"": 2, ""action"": ""net_select"", ""success"": true, ""action_class"": ""valid_effective"", ""terminated"": false, ""truncated"": false}, {""net_id"": 2, ""action"": ""start_route"", ""success"": false, ""action_class"": ""valid_dispatch_fail"", ""terminated"": false, ""truncated"": false}, {""net_id"": 2, ""action"": ""make_line"", ""success"": false, ""action_class"": ""mask_reject"", ""terminated"": false, ""truncated"": false}, {""net_id"": 2, ""action"": ""net_end"", ""success"": true, ""action_class"": ""valid_effective"", ""terminated"": false, ""truncated"": false}, {""net_id"": 3, ""action"": ""net_select"", ""success"": true, ""action_class"": ""valid_effective"", ""terminated"": false, ""truncated"": false}, {""net_id"": 3, ""action"": ""start_route"", ""success"": false, ""action_class"": ""valid_dispatch_fail"", ""terminated"": false, ""truncated"": false}, {""net_id"": 3, ""action"": ""make_line"", ""success"": false, ""action_class"": ""mask_reject"", ""terminated"": false, ""truncated"": false}, {""net_id"": 3, ""action"": ""net_end"", ""success"": true, ""action_class"": ""valid_effective"", ""terminated"": false, ""truncated"": false}, {""net_id"": 4, ""action"": ""net_select"", ""success"": true, ""action_class"": ""valid_effective"", ""terminated"": false, ""truncated"": false}, {""net_id"": 4, ""action"": ""start_route"", ""success"": false, ""action_class"": ""valid_dispatch_fail"", ""terminated"": false, ""truncated"": false}, {""net_id"": 4, ""action"": ""make_line"", ""success"": false, ""action_class"": ""mask_reject"", ""terminated"": false, ""truncated"": false}, {""net_id"": 4, ""action"": ""net_end"", ""success"": true, ""action_class"": ""valid_effective"", ""terminated"": false, ""truncated"": false}, {""net_id"": 5, ""action"": ""net_select"", ""success"": true, ""action_class"": ""valid_effective"", ""terminated"": false, ""truncated"": false}, {""net_id"": 5, ""action"": ""start_route"", ""success"": false, ""action_class"": ""valid_dispatch_fail"", ""terminated"": false, ""truncated"": false}, {""net_id"": 5, ""action"": ""make_line"", ""success"": false, ""action_class"": ""mask_reject"", ""terminated"": false, ""truncated"": false}, {""net_id"": 5, ""action"": ""net_end"", ""success"": true, ""action_class"": ""valid_effective"", ""terminated"": false, ""truncated"": false}, {""net_id"": 6, ""action"": ""net_select"", ""success"": true, ""action_class"": ""valid_effective"", ""terminated"": false, ""truncated"": false}, {""net_id"": 6, ""action"": ""start_route"", ""success"": false, ""action_class"": ""valid_dispatch_fail"", ""terminated"": false, ""truncated"": false}, {""net_id"": 6, ""action"": ""make_line"", ""success"": false, ""action_class"": ""mask_reject"", ""terminated"": false, ""truncated"": false}, {""net_id"": 6, ""action"": ""net_end"", ""success"": true, ""action_class"": ""valid_effective"", ""terminated"": true, ""truncated"": false}]",False,0.24619629100016027,/content/routescout_phase8b_standalone/artifacts/routed_boards/0036_nRF24breakoutBoard_nRF24-breakout__mst_easy_first.kicad_pcb,8059ca162440351902ac315669a9c6cdd45a77f5f6d35bbf4a856d5c907c51dd,
easy,0036_nRF24breakoutBoard_nRF24-breakout,nRF24breakoutBoard_nRF24-breakout,mst_hard_first,dee694d5c9ef815afd2379e108d45eeafabea630b9a196b1340a5d59c7c10863,"[6, 5, 4, 3, 2, 1]","[6, 5, 4, 3, 2, 1]",True,6,0.0,False,6,False,6,6,False,19.044355893086603,0,14,24,12,12,"[{""net_id"": 6, ""action"": ""net_select"", ""success"": true, ""action_class"": ""valid_effective"", ""terminated"": false, ""truncated"": false}, {""net_id"": 6, ""action"": ""start_route"", ""success"": false, ""action_class"": ""valid_dispatch_fail"", ""terminated"": false, ""truncated"": false}, {""net_id"": 6, ""action"": ""make_line"", ""success"": false, ""action_class"": ""mask_reject"", ""terminated"": false, ""truncated"": false}, {""net_id"": 6, ""action"": ""net_end"", ""success"": true, ""action_class"": ""valid_effective"", ""terminated"": false, ""truncated"": false}, {""net_id"": 5, ""action"": ""net_select"", ""success"": true, ""action_class"": ""valid_effective"", ""terminated"": false, ""truncated"": false}, {""net_id"": 5, ""action"": ""start_route"", ""success"": false, ""action_class"": ""valid_dispatch_fail"", ""terminated"": false, ""truncated"": false}, {""net_id"": 5, ""action"": ""make_line"", ""success"": false, ""action_class"": ""mask_reject"", ""terminated"": false, ""truncated"": false}, {""net_id"": 5, ""action"": ""net_end"", ""success"": true, ""action_class"": ""valid_effective"", ""terminated"": false, ""truncated"": false}, {""net_id"": 4, ""action"": ""net_select"", ""success"": true, ""action_class"": ""valid_effective"", ""terminated"": false, ""truncated"": false}, {""net_id"": 4, ""action"": ""start_route"", ""success"": false, ""action_class"": ""valid_dispatch_fail"", ""terminated"": false, ""truncated"": false}, {""net_id"": 4, ""action"": ""make_line"", ""success"": false, ""action_class"": ""mask_reject"", ""terminated"": false, ""truncated"": false}, {""net_id"": 4, ""action"": ""net_end"", ""success"": true, ""action_class"": ""valid_effective"", ""terminated"": false, ""truncated"": false}, {""net_id"": 3, ""action"": ""net_select"", ""success"": true, ""action_class"": ""valid_effective"", ""terminated"": false, ""truncated"": false}, {""net_id"": 3, ""action"": ""start_route"", ""success"": false, ""action_class"": ""valid_dispatch_fail"", ""terminated"": false, ""truncated"": false}, {""net_id"": 3, ""action"": ""make_line"", ""success"": false, ""action_class"": ""mask_reject"", ""terminated"": false, ""truncated"": false}, {""net_id"": 3, ""action"": ""net_end"", ""success"": true, ""action_class"": ""valid_effective"", ""terminated"": false, ""truncated"": false}, {""net_id"": 2, ""action"": ""net_select"", ""success"": true, ""action_class"": ""valid_effective"", ""terminated"": false, ""truncated"": false}, {""net_id"": 2, ""action"": ""start_route"", ""success"": false, ""action_class"": ""valid_dispatch_fail"", ""terminated"": false, ""truncated"": false}, {""net_id"": 2, ""action"": ""make_line"", ""success"": false, ""action_class"": ""mask_reject"", ""terminated"": false, ""truncated"": false}, {""net_id"": 2, ""action"": ""net_end"", ""success"": true, ""action_class"": ""valid_effective"", ""terminated"": false, ""truncated"": false}, {""net_id"": 1, ""action"": ""net_select"", ""success"": true, ""action_class"": ""valid_effective"", ""terminated"": false, ""truncated"": false}, {""net_id"": 1, ""action"": ""start_route"", ""success"": false, ""action_class"": ""valid_dispatch_fail"", ""terminated"": false, ""truncated"": false}, {""net_id"": 1, ""action"": ""make_line"", ""success"": false, ""action_class"": ""mask_reject"", ""terminated"": false, ""truncated"": false}, {""net_id"": 1, ""action"": ""net_end"", ""success"": true, ""action_class"": ""valid_effective"", ""terminated"": true, ""truncated"": false}]",False,0.25003020299845957,/content/routescout_phase8b_standalone/artifacts/routed_boards/0036_nRF24breakoutBoard_nRF24-breakout__mst_hard_first.kicad_pcb,8059ca162440351902ac315669a9c6cdd45a77f5f6d35bbf4a856d5c907c51dd,
easy,0036_nRF24breakoutBoard_nRF24-breakout,nRF24breakoutBoard_nRF24-breakout,natural,dee694d5c9ef815afd2379e108d45eeafabea630b9a196b1340a5d59c7c10863,"[1, 2, 3, 4, 5, 6]","[1, 2, 3, 4, 5, 6]",True,6,0.0,False,6,False,6,6,False,19.044355893086603,0,14,24,12,12,"[{""net_id"": 1, ""action"": ""net_select"", ""success"": true, ""action_class"": ""valid_effective"", ""terminated"": false, ""truncated"": false}, {""net_id"": 1, ""action"": ""start_route"", ""success"": false, ""action_class"": ""valid_dispatch_fail"", ""terminated"": false, ""truncated"": false}, {""net_id"": 1, ""action"": ""make_line"", ""success"": false, ""action_class"": ""mask_reject"", ""terminated"": false, ""truncated"": false}, {""net_id"": 1, ""action"": ""net_end"", ""success"": true, ""action_class"": ""valid_effective"", ""terminated"": false, ""truncated"": false}, {""net_id"": 2, ""action"": ""net_select"", ""success"": true, ""action_class"": ""valid_effective"", ""terminated"": false, ""truncated"": false}, {""net_id"": 2, ""action"": ""start_route"", ""success"": false, ""action_class"": ""valid_dispatch_fail"", ""terminated"": false, ""truncated"": false}, {""net_id"": 2, ""action"": ""make_line"", ""success"": false, ""action_class"": ""mask_reject"", ""terminated"": false, ""truncated"": false}, {""net_id"": 2, ""action"": ""net_end"", ""success"": true, ""action_class"": ""valid_effective"", ""terminated"": false, ""truncated"": false}, {""net_id"": 3, ""action"": ""net_select"", ""success"": true, ""action_class"": ""valid_effective"", ""terminated"": false, ""truncated"": false}, {""net_id"": 3, ""action"": ""start_route"", ""success"": false, ""action_class"": ""valid_dispatch_fail"", ""terminated"": false, ""truncated"": false}, {""net_id"": 3, ""action"": ""make_line"", ""success"": false, ""action_class"": ""mask_reject"", ""terminated"": false, ""truncated"": false}, {""net_id"": 3, ""action"": ""net_end"", ""success"": true, ""action_class"": ""valid_effective"", ""terminated"": false, ""truncated"": false}, {""net_id"": 4, ""action"": ""net_select"", ""success"": true, ""action_class"": ""valid_effective"", ""terminated"": false, ""truncated"": false}, {""net_id"": 4, ""action"": ""start_route"", ""success"": false, ""action_class"": ""valid_dispatch_fail"", ""terminated"": false, ""truncated"": false}, {""net_id"": 4, ""action"": ""make_line"", ""success"": false, ""action_class"": ""mask_reject"", ""terminated"": false, ""truncated"": false}, {""net_id"": 4, ""action"": ""net_end"", ""success"": true, ""action_class"": ""valid_effective"", ""terminated"": false, ""truncated"": false}, {""net_id"": 5, ""action"": ""net_select"", ""success"": true, ""action_class"": ""valid_effective"", ""terminated"": false, ""truncated"": false}, {""net_id"": 5, ""action"": ""start_route"", ""success"": false, ""action_class"": ""valid_dispatch_fail"", ""terminated"": false, ""truncated"": false}, {""net_id"": 5, ""action"": ""make_line"", ""success"": false, ""action_class"": ""mask_reject"", ""terminated"": false, ""truncated"": false}, {""net_id"": 5, ""action"": ""net_end"", ""success"": true, ""action_class"": ""valid_effective"", ""terminated"": false, ""truncated"": false}, {""net_id"": 6, ""action"": ""net_select"", ""success"": true, ""action_class"": ""valid_effective"", ""terminated"": false, ""truncated"": false}, {""net_id"": 6, ""action"": ""start_route"", ""success"": false, ""action_class"": ""valid_dispatch_fail"", ""terminated"": false, ""truncated"": false}, {""net_id"": 6, ""action"": ""make_line"", ""success"": false, ""action_class"": ""mask_reject"", ""terminated"": false, ""truncated"": false}, {""net_id"": 6, ""action"": ""net_end"", ""success"": true, ""action_class"": ""valid_effective"", ""terminated"": true, ""truncated"": false}]",False,0.281448678999368,/content/routescout_phase8b_standalone/artifacts/routed_boards/0036_nRF24breakoutBoard_nRF24-breakout__natural.kicad_pcb,8059ca162440351902ac315669a9c6cdd45a77f5f6d35bbf4a856d5c907c51dd,
hard,0400_laptimer58_Chickadee,laptimer58_Chickadee,mst_easy_first,67b9ad0933f14159e7582166a7f3397b951661313653d9587efced03ea817e07,"[8, 20, 23, 26, 24, 25]","[8, 20, 23, 26, 24, 25]",True,6,0.6666666666666666,False,2,False,2,3,False,800.7519611495366,40,372,24,22,2,"[{""net_id"": 8, ""action"": ""net_select"", ""success"": true, ""action_class"": ""valid_effective"", ""terminated"": false, ""truncated"": false}, {""net_id"": 8, ""action"": ""start_route"", ""success"": true, ""action_class"": ""valid_effective"", ""terminated"": false, ""truncated"": false}, {""net_id"": 8, ""action"": ""make_line"", ""success"": true, ""action_class"": ""valid_effective"", ""terminated"": false, ""truncated"": false}, {""net_id"": 8, ""action"": ""net_end"", ""success"": true, ""action_class"": ""valid_effective"", ""terminated"": false, ""truncated"": false}, {""net_id"": 20, ""action"": ""net_select"", ""success"": true, ""action_class"": ""valid_effective"", ""terminated"": false, ""truncated"": false}, {""net_id"": 20, ""action"": ""start_route"", ""success"": true, ""action_class"": ""valid_effective"", ""terminated"": false, ""truncated"": false}, {""net_id"": 20, ""action"": ""make_line"", ""success"": true, ""action_class"": ""valid_effective"", ""terminated"": false, ""truncated"": false}, {""net_id"": 20, ""action"": ""net_end"", ""success"": true, ""action_class"": ""valid_effective"", ""terminated"": false, ""truncated"": false}, {""net_id"": 23, ""action"": ""net_select"", ""success"": true, ""action_class"": ""valid_effective"", ""terminated"": false, ""truncated"": false}, {""net_id"": 23, ""action"": ""start_route"", ""success"": true, ""action_class"": ""valid_effective"", ""terminated"": false, ""truncated"": false}, {""net_id"": 23, ""action"": ""make_line"", ""success"": true, ""action_class"": ""valid_effective"", ""terminated"": false, ""truncated"": false}, {""net_id"": 23, ""action"": ""net_end"", ""success"": true, ""action_class"": ""valid_effective"", ""terminated"": false, ""truncated"": false}, {""net_id"": 26, ""action"": ""net_select"", ""success"": true, ""action_class"": ""valid_effective"", ""terminated"": false, ""truncated"": false}, {""net_id"": 26, ""action"": ""start_route"", ""success"": true, ""action_class"": ""valid_effective"", ""terminated"": false, ""truncated"": false}, {""net_id"": 26, ""action"": ""make_line"", ""success"": true, ""action_class"": ""valid_effective"", ""terminated"": false, ""truncated"": false}, {""net_id"": 26, ""action"": ""net_end"", ""success"": true, ""action_class"": ""valid_effective"", ""terminated"": false, ""truncated"": false}, {""net_id"": 24, ""action"": ""net_select"", ""success"": true, ""action_class"": ""valid_effective"", ""terminated"": false, ""truncated"": false}, {""net_id"": 24, ""action"": ""start_route"", ""success"": true, ""action_class"": ""valid_effective"", ""terminated"": false, ""truncated"": false}, {""net_id"": 24, ""action"": ""make_line"", ""success"": false, ""action_class"": ""valid_dispatch_fail"", ""terminated"": false, ""truncated"": false}, {""net_id"": 24, ""action"": ""net_end"", ""success"": true, ""action_class"": ""valid_effective"", ""terminated"": false, ""truncated"": false}, {""net_id"": 25, ""action"": ""net_select"", ""success"": true, ""action_class"": ""valid_effective"", ""terminated"": false, ""truncated"": false}, {""net_id"": 25, ""action"": ""start_route"", ""success"": true, ""action_class"": ""valid_effective"", ""terminated"": false, ""truncated"": false}, {""net_id"": 25, ""action"": ""make_line"", ""success"": false, ""action_class"": ""valid_dispatch_fail"", ""terminated"": false, ""truncated"": false}, {""net_id"": 25, ""action"": ""net_end"", ""success"": true, ""action_class"": ""valid_effective"", ""terminated"": true, ""truncated"": false}]",False,4.5898633529996005,/content/routescout_phase8b_standalone/artifacts/routed_boards/0400_laptimer58_Chickadee__mst_easy_first.kicad_pcb,cf83e23074e391537a2b18069263d7755397ef6a291bbc21588ea93ef0edf83d,
hard,0400_laptimer58_Chickadee,laptimer58_Chickadee,mst_hard_first,67b9ad0933f14159e7582166a7f3397b951661313653d9587efced03ea817e07,"[25, 24, 26, 23, 20, 8]","[25, 24, 26, 23, 20, 8]",True,6,1.0,True,0,True,0,1,True,881.5006523558684,40,387,24,24,0,"[{""net_id"": 25, ""action"": ""net_select"", ""success"": true, ""action_class"": ""valid_effective"", ""terminated"": false, ""truncated"": false}, {""net_id"": 25, ""action"": ""start_route"", ""success"": true, ""action_class"": ""valid_effective"", ""terminated"": false, ""truncated"": false}, {""net_id"": 25, ""action"": ""make_line"", ""success"": true, ""action_class"": ""valid_effective"", ""terminated"": false, ""truncated"": false}, {""net_id"": 25, ""action"": ""net_end"", ""success"": true, ""action_class"": ""valid_effective"", ""terminated"": false, ""truncated"": false}, {""net_id"": 24, ""action"": ""net_select"", ""success"": true, ""action_class"": ""valid_effective"", ""terminated"": false, ""truncated"": false}, {""net_id"": 24, ""action"": ""start_route"", ""success"": true, ""action_class"": ""valid_effective"", ""terminated"": false, ""truncated"": false}, {""net_id"": 24, ""action"": ""make_line"", ""success"": true, ""action_class"": ""valid_effective"", ""terminated"": false, ""truncated"": false}, {""net_id"": 24, ""action"": ""net_end"", ""success"": true, ""action_class"": ""valid_effective"", ""terminated"": false, ""truncated"": false}, {""net_id"": 26, ""action"": ""net_select"", ""success"": true, ""action_class"": ""valid_effective"", ""terminated"": false, ""truncated"": false}, {""net_id"": 26, ""action"": ""start_route"", ""success"": true, ""action_class"": ""valid_effective"", ""terminated"": false, ""truncated"": false}, {""net_id"": 26, ""action"": ""make_line"", ""success"": true, ""action_class"": ""valid_effective"", ""terminated"": false, ""truncated"": false}, {""net_id"": 26, ""action"": ""net_end"", ""success"": true, ""action_class"": ""valid_effective"", ""terminated"": false, ""truncated"": false}, {""net_id"": 23, ""action"": ""net_select"", ""success"": true, ""action_class"": ""valid_effective"", ""terminated"": false, ""truncated"": false}, {""net_id"": 23, ""action"": ""start_route"", ""success"": true, ""action_class"": ""valid_effective"", ""terminated"": false, ""truncated"": false}, {""net_id"": 23, ""action"": ""make_line"", ""success"": true, ""action_class"": ""valid_effective"", ""terminated"": false, ""truncated"": false}, {""net_id"": 23, ""action"": ""net_end"", ""success"": true, ""action_class"": ""valid_effective"", ""terminated"": false, ""truncated"": false}, {""net_id"": 20, ""action"": ""net_select"", ""success"": true, ""action_class"": ""valid_effective"", ""terminated"": false, ""truncated"": false}, {""net_id"": 20, ""action"": ""start_route"", ""success"": true, ""action_class"": ""valid_effective"", ""terminated"": false, ""truncated"": false}, {""net_id"": 20, ""action"": ""make_line"", ""success"": true, ""action_class"": ""valid_effective"", ""terminated"": false, ""truncated"": false}, {""net_id"": 20, ""action"": ""net_end"", ""success"": true, ""action_class"": ""valid_effective"", ""terminated"": false, ""truncated"": false}, {""net_id"": 8, ""action"": ""net_select"", ""success"": true, ""action_class"": ""valid_effective"", ""terminated"": false, ""truncated"": false}, {""net_id"": 8, ""action"": ""start_route"", ""success"": true, ""action_class"": ""valid_effective"", ""terminated"": false, ""truncated"": false}, {""net_id"": 8, ""action"": ""make_line"", ""success"": true, ""action_class"": ""valid_effective"", ""terminated"": true, ""truncated"": false}, {""net_id"": 8, ""action"": ""net_end"", ""success"": true, ""action_class"": ""valid_effective"", ""terminated"": true, ""truncated"": false}]",False,2.1869012719998864,/content/routescout_phase8b_standalone/artifacts/routed_boards/0400_laptimer58_Chickadee__mst_hard_first.kicad_pcb,48fbac203554cf6caf04cce04ccd9dc6bd8ff12088a317e81e4ab07d7733eb6d,
hard,0400_laptimer58_Chickadee,laptimer58_Chickadee,natural,67b9ad0933f14159e7582166a7f3397b951661313653d9587efced03ea817e07,"[8, 20, 23, 24, 25, 26]","[8, 20, 23, 24, 25, 26]",True,6,0.8333333333333334,False,1,False,1,2,False,866.1937687969289,40,386,24,23,1,"[{""net_id"": 8, ""action"": ""net_select"", ""success"": true, ""action_class"": ""valid_effective"", ""terminated"": false, ""truncated"": false}, {""net_id"": 8, ""action"": ""start_route"", ""success"": true, ""action_class"": ""valid_effective"", ""terminated"": false, ""truncated"": false}, {""net_id"": 8, ""action"": ""make_line"", ""success"": true, ""action_class"": ""valid_effective"", ""terminated"": false, ""truncated"": false}, {""net_id"": 8, ""action"": ""net_end"", ""success"": true, ""action_class"": ""valid_effective"", ""terminated"": false, ""truncated"": false}, {""net_id"": 20, ""action"": ""net_select"", ""success"": true, ""action_class"": ""valid_effective"", ""terminated"": false, ""truncated"": false}, {""net_id"": 20, ""action"": ""start_route"", ""success"": true, ""action_class"": ""valid_effective"", ""terminated"": false, ""truncated"": false}, {""net_id"": 20, ""action"": ""make_line"", ""success"": true, ""action_class"": ""valid_effective"", ""terminated"": false, ""truncated"": false}, {""net_id"": 20, ""action"": ""net_end"", ""success"": true, ""action_class"": ""valid_effective"", ""terminated"": false, ""truncated"": false}, {""net_id"": 23, ""action"": ""net_select"", ""success"": true, ""action_class"": ""valid_effective"", ""terminated"": false, ""truncated"": false}, {""net_id"": 23, ""action"": ""start_route"", ""success"": true, ""action_class"": ""valid_effective"", ""terminated"": false, ""truncated"": false}, {""net_id"": 23, ""action"": ""make_line"", ""success"": true, ""action_class"": ""valid_effective"", ""terminated"": false, ""truncated"": false}, {""net_id"": 23, ""action"": ""net_end"", ""success"": true, ""action_class"": ""valid_effective"", ""terminated"": false, ""truncated"": false}, {""net_id"": 24, ""action"": ""net_select"", ""success"": true, ""action_class"": ""valid_effective"", ""terminated"": false, ""truncated"": false}, {""net_id"": 24, ""action"": ""start_route"", ""success"": true, ""action_class"": ""valid_effective"", ""terminated"": false, ""truncated"": false}, {""net_id"": 24, ""action"": ""make_line"", ""success"": true, ""action_class"": ""valid_effective"", ""terminated"": false, ""truncated"": false}, {""net_id"": 24, ""action"": ""net_end"", ""success"": true, ""action_class"": ""valid_effective"", ""terminated"": false, ""truncated"": false}, {""net_id"": 25, ""action"": ""net_select"", ""success"": true, ""action_class"": ""valid_effective"", ""terminated"": false, ""truncated"": false}, {""net_id"": 25, ""action"": ""start_route"", ""success"": true, ""action_class"": ""valid_effective"", ""terminated"": false, ""truncated"": false}, {""net_id"": 25, ""action"": ""make_line"", ""success"": true, ""action_class"": ""valid_effective"", ""terminated"": false, ""truncated"": false}, {""net_id"": 25, ""action"": ""net_end"", ""success"": true, ""action_class"": ""valid_effective"", ""terminated"": false, ""truncated"": false}, {""net_id"": 26, ""action"": ""net_select"", ""success"": true, ""action_class"": ""valid_effective"", ""terminated"": false, ""truncated"": false}, {""net_id"": 26, ""action"": ""start_route"", ""success"": true, ""action_class"": ""valid_effective"", ""terminated"": false, ""truncated"": false}, {""net_id"": 26, ""action"": ""make_line"", ""success"": false, ""action_class"": ""valid_dispatch_fail"", ""terminated"": false, ""truncated"": false}, {""net_id"": 26, ""action"": ""net_end"", ""success"": true, ""action_class"": ""valid_effective"", ""terminated"": true, ""truncated"": false}]",False,2.364065108999057,/content/routescout_phase8b_standalone/artifacts/routed_boards/0400_laptimer58_Chickadee__natural.kicad_pcb,3633bf1755cdcbb61d26da0bb2deb0705f6340c99ea7d42c0eda6f5dc2c2258e,
hard,0423_induction-hob_temperature-sender,induction-hob_temperature-sender,mst_easy_first,e899da6698708b89c5456ad5bccbee984699f9639172e3e2d625b95821253d0d,"[29, 4, 16, 27, 21, 7]","[29, 4, 16, 27, 21, 7]",True,6,0.8333333333333334,False,1,False,1,1,False,695.0712422343489,15,317,24,23,1,"[{""net_id"": 29, ""action"": ""net_select"", ""success"": true, ""action_class"": ""valid_effective"", ""terminated"": false, ""truncated"": false}, {""net_id"": 29, ""action"": ""start_route"", ""success"": true, ""action_class"": ""valid_effective"", ""terminated"": false, ""truncated"": false}, {""net_id"": 29, ""action"": ""make_line"", ""success"": true, ""action_class"": ""valid_effective"", ""terminated"": false, ""truncated"": false}, {""net_id"": 29, ""action"": ""net_end"", ""success"": true, ""action_class"": ""valid_effective"", ""terminated"": false, ""truncated"": false}, {""net_id"": 4, ""action"": ""net_select"", ""success"": true, ""action_class"": ""valid_effective"", ""terminated"": false, ""truncated"": false}, {""net_id"": 4, ""action"": ""start_route"", ""success"": true, ""action_class"": ""valid_effective"", ""terminated"": false, ""truncated"": false}, {""net_id"": 4, ""action"": ""make_line"", ""success"": true, ""action_class"": ""valid_effective"", ""terminated"": false, ""truncated"": false}, {""net_id"": 4, ""action"": ""net_end"", ""success"": true, ""action_class"": ""valid_effective"", ""terminated"": false, ""truncated"": false}, {""net_id"": 16, ""action"": ""net_select"", ""success"": true, ""action_class"": ""valid_effective"", ""terminated"": false, ""truncated"": false}, {""net_id"": 16, ""action"": ""start_route"", ""success"": true, ""action_class"": ""valid_effective"", ""terminated"": false, ""truncated"": false}, {""net_id"": 16, ""action"": ""make_line"", ""success"": true, ""action_class"": ""valid_effective"", ""terminated"": false, ""truncated"": false}, {""net_id"": 16, ""action"": ""net_end"", ""success"": true, ""action_class"": ""valid_effective"", ""terminated"": false, ""truncated"": false}, {""net_id"": 27, ""action"": ""net_select"", ""success"": true, ""action_class"": ""valid_effective"", ""terminated"": false, ""truncated"": false}, {""net_id"": 27, ""action"": ""start_route"", ""success"": true, ""action_class"": ""valid_effective"", ""terminated"": false, ""truncated"": false}, {""net_id"": 27, ""action"": ""make_line"", ""success"": false, ""action_class"": ""valid_dispatch_fail"", ""terminated"": false, ""truncated"": false}, {""net_id"": 27, ""action"": ""net_end"", ""success"": true, ""action_class"": ""valid_effective"", ""terminated"": false, ""truncated"": false}, {""net_id"": 21, ""action"": ""net_select"", ""success"": true, ""action_class"": ""valid_effective"", ""terminated"": false, ""truncated"": false}, {""net_id"": 21, ""action"": ""start_route"", ""success"": true, ""action_class"": ""valid_effective"", ""terminated"": false, ""truncated"": false}, {""net_id"": 21, ""action"": ""make_line"", ""success"": true, ""action_class"": ""valid_effective"", ""terminated"": false, ""truncated"": false}, {""net_id"": 21, ""action"": ""net_end"", ""success"": true, ""action_class"": ""valid_effective"", ""terminated"": false, ""truncated"": false}, {""net_id"": 7, ""action"": ""net_select"", ""success"": true, ""action_class"": ""valid_effective"", ""terminated"": false, ""truncated"": false}, {""net_id"": 7, ""action"": ""start_route"", ""success"": true, ""action_class"": ""valid_effective"", ""terminated"": false, ""truncated"": false}, {""net_id"": 7, ""action"": ""make_line"", ""success"": true, ""action_class"": ""valid_effective"", ""terminated"": false, ""truncated"": false}, {""net_id"": 7, ""action"": ""net_end"", ""success"": true, ""action_class"": ""valid_effective"", ""terminated"": true, ""truncated"": false}]",False,2.8545118480014935,/content/routescout_phase8b_standalone/artifacts/routed_boards/0423_induction-hob_temperature-sender__mst_easy_first.kicad_pcb,9a2df83e32a43dafca813b131c4a6638de5b2aae37966cbfc8c8c8da2a850a4a,
hard,0423_induction-hob_temperature-sender,induction-hob_temperature-sender,mst_hard_first,e899da6698708b89c5456ad5bccbee984699f9639172e3e2d625b95821253d0d,"[7, 21, 27, 16, 4, 29]","[7, 21, 27, 16, 4, 29]",True,6,0.8333333333333334,False,1,False,1,1,False,695.0712422343489,15,317,24,23,1,"[{""net_id"": 7, ""action"": ""net_select"", ""success"": true, ""action_class"": ""valid_effective"", ""terminated"": false, ""truncated"": false}, {""net_id"": 7, ""action"": ""start_route"", ""success"": true, ""action_class"": ""valid_effective"", ""terminated"": false, ""truncated"": false}, {""net_id"": 7, ""action"": ""make_line"", ""success"": true, ""action_class"": ""valid_effective"", ""terminated"": false, ""truncated"": false}, {""net_id"": 7, ""action"": ""net_end"", ""success"": true, ""action_class"": ""valid_effective"", ""terminated"": false, ""truncated"": false}, {""net_id"": 21, ""action"": ""net_select"", ""success"": true, ""action_class"": ""valid_effective"", ""terminated"": false, ""truncated"": false}, {""net_id"": 21, ""action"": ""start_route"", ""success"": true, ""action_class"": ""valid_effective"", ""terminated"": false, ""truncated"": false}, {""net_id"": 21, ""action"": ""make_line"", ""success"": true, ""action_class"": ""valid_effective"", ""terminated"": false, ""truncated"": false}, {""net_id"": 21, ""action"": ""net_end"", ""success"": true, ""action_class"": ""valid_effective"", ""terminated"": false, ""truncated"": false}, {""net_id"": 27, ""action"": ""net_select"", ""success"": true, ""action_class"": ""valid_effective"", ""terminated"": false, ""truncated"": false}, {""net_id"": 27, ""action"": ""start_route"", ""success"": true, ""action_class"": ""valid_effective"", ""terminated"": false, ""truncated"": false}, {""net_id"": 27, ""action"": ""make_line"", ""success"": false, ""action_class"": ""valid_dispatch_fail"", ""terminated"": false, ""truncated"": false}, {""net_id"": 27, ""action"": ""net_end"", ""success"": true, ""action_class"": ""valid_effective"", ""terminated"": false, ""truncated"": false}, {""net_id"": 16, ""action"": ""net_select"", ""success"": true, ""action_class"": ""valid_effective"", ""terminated"": false, ""truncated"": false}, {""net_id"": 16, ""action"": ""start_route"", ""success"": true, ""action_class"": ""valid_effective"", ""terminated"": false, ""truncated"": false}, {""net_id"": 16, ""action"": ""make_line"", ""success"": true, ""action_class"": ""valid_effective"", ""terminated"": false, ""truncated"": false}, {""net_id"": 16, ""action"": ""net_end"", ""success"": true, ""action_class"": ""valid_effective"", ""terminated"": false, ""truncated"": false}, {""net_id"": 4, ""action"": ""net_select"", ""success"": true, ""action_class"": ""valid_effective"", ""terminated"": false, ""truncated"": false}, {""net_id"": 4, ""action"": ""start_route"", ""success"": true, ""action_class"": ""valid_effective"", ""terminated"": false, ""truncated"": false}, {""net_id"": 4, ""action"": ""make_line"", ""success"": true, ""action_class"": ""valid_effective"", ""terminated"": false, ""truncated"": false}, {""net_id"": 4, ""action"": ""net_end"", ""success"": true, ""action_class"": ""valid_effective"", ""terminated"": false, ""truncated"": false}, {""net_id"": 29, ""action"": ""net_select"", ""success"": true, ""action_class"": ""valid_effective"", ""terminated"": false, ""truncated"": false}, {""net_id"": 29, ""action"": ""start_route"", ""success"": true, ""action_class"": ""valid_effective"", ""terminated"": false, ""truncated"": false}, {""net_id"": 29, ""action"": ""make_line"", ""success"": true, ""action_class"": ""valid_effective"", ""terminated"": false, ""truncated"": false}, {""net_id"": 29, ""action"": ""net_end"", ""success"": true, ""action_class"": ""valid_effective"", ""terminated"": true, ""truncated"": false}]",False,3.3056193659995188,/content/routescout_phase8b_standalone/artifacts/routed_boards/0423_induction-hob_temperature-sender__mst_hard_first.kicad_pcb,b6dd39135be44788d0d2be7ba419cc7ca1b555e49ba8463de804e78a5d21861f,
hard,0423_induction-hob_temperature-sender,induction-hob_temperature-sender,natural,e899da6698708b89c5456ad5bccbee984699f9639172e3e2d625b95821253d0d,"[4, 7, 16, 21, 27, 29]","[4, 7, 16, 21, 27, 29]",True,6,0.8333333333333334,False,1,False,1,1,False,695.0712422343489,15,317,24,23,1,"[{""net_id"": 4, ""action"": ""net_select"", ""success"": true, ""action_class"": ""valid_effective"", ""terminated"": false, ""truncated"": false}, {""net_id"": 4, ""action"": ""start_route"", ""success"": true, ""action_class"": ""valid_effective"", ""terminated"": false, ""truncated"": false}, {""net_id"": 4, ""action"": ""make_line"", ""success"": true, ""action_class"": ""valid_effective"", ""terminated"": false, ""truncated"": false}, {""net_id"": 4, ""action"": ""net_end"", ""success"": true, ""action_class"": ""valid_effective"", ""terminated"": false, ""truncated"": false}, {""net_id"": 7, ""action"": ""net_select"", ""success"": true, ""action_class"": ""valid_effective"", ""terminated"": false, ""truncated"": false}, {""net_id"": 7, ""action"": ""start_route"", ""success"": true, ""action_class"": ""valid_effective"", ""terminated"": false, ""truncated"": false}, {""net_id"": 7, ""action"": ""make_line"", ""success"": true, ""action_class"": ""valid_effective"", ""terminated"": false, ""truncated"": false}, {""net_id"": 7, ""action"": ""net_end"", ""success"": true, ""action_class"": ""valid_effective"", ""terminated"": false, ""truncated"": false}, {""net_id"": 16, ""action"": ""net_select"", ""success"": true, ""action_class"": ""valid_effective"", ""terminated"": false, ""truncated"": false}, {""net_id"": 16, ""action"": ""start_route"", ""success"": true, ""action_class"": ""valid_effective"", ""terminated"": false, ""truncated"": false}, {""net_id"": 16, ""action"": ""make_line"", ""success"": true, ""action_class"": ""valid_effective"", ""terminated"": false, ""truncated"": false}, {""net_id"": 16, ""action"": ""net_end"", ""success"": true, ""action_class"": ""valid_effective"", ""terminated"": false, ""truncated"": false}, {""net_id"": 21, ""action"": ""net_select"", ""success"": true, ""action_class"": ""valid_effective"", ""terminated"": false, ""truncated"": false}, {""net_id"": 21, ""action"": ""start_route"", ""success"": true, ""action_class"": ""valid_effective"", ""terminated"": false, ""truncated"": false}, {""net_id"": 21, ""action"": ""make_line"", ""success"": true, ""action_class"": ""valid_effective"", ""terminated"": false, ""truncated"": false}, {""net_id"": 21, ""action"": ""net_end"", ""success"": true, ""action_class"": ""valid_effective"", ""terminated"": false, ""truncated"": false}, {""net_id"": 27, ""action"": ""net_select"", ""success"": true, ""action_class"": ""valid_effective"", ""terminated"": false, ""truncated"": false}, {""net_id"": 27, ""action"": ""start_route"", ""success"": true, ""action_class"": ""valid_effective"", ""terminated"": false, ""truncated"": false}, {""net_id"": 27, ""action"": ""make_line"", ""success"": false, ""action_class"": ""valid_dispatch_fail"", ""terminated"": false, ""truncated"": false}, {""net_id"": 27, ""action"": ""net_end"", ""success"": true, ""action_class"": ""valid_effective"", ""terminated"": false, ""truncated"": false}, {""net_id"": 29, ""action"": ""net_select"", ""success"": true, ""action_class"": ""valid_effective"", ""terminated"": false, ""truncated"": false}, {""net_id"": 29, ""action"": ""start_route"", ""success"": true, ""action_class"": ""valid_effective"", ""terminated"": false, ""truncated"": false}, {""net_id"": 29, ""action"": ""make_line"", ""success"": true, ""action_class"": ""valid_effective"", ""terminated"": false, ""truncated"": false}, {""net_id"": 29, ""action"": ""net_end"", ""success"": true, ""action_class"": ""valid_effective"", ""terminated"": true, ""truncated"": false}]",False,5.052120383999863,/content/routescout_phase8b_standalone/artifacts/routed_boards/0423_induction-hob_temperature-sender__natural.kicad_pcb,3ddd806ea704c769d9c6219615d56c805cc3ebeed7600656b724ee01dfc8cf6d,
hard,0473_data-manager_data-manager,data-manager_data-manager,mst_easy_first,34445069b372038560d9632c120803fdcdcaf85f58dae9c14addead15709672e,"[35, 25, 56, 63, 65, 69, 58, 40, 42, 41, 59, 60]","[35, 25, 56, 63, 65, 69, 58, 40, 42, 41, 59, 60]",True,12,0.3333333333333333,False,8,False,8,8,False,1074.9576911416755,40,397,48,37,11,"[{""net_id"": 35, ""action"": ""net_select"", ""success"": true, ""action_class"": ""valid_effective"", ""terminated"": false, ""truncated"": false}, {""net_id"": 35, ""action"": ""start_route"", ""success"": true, ""action_class"": ""valid_effective"", ""terminated"": false, ""truncated"": false}, {""net_id"": 35, ""action"": ""make_line"", ""success"": true, ""action_class"": ""valid_effective"", ""terminated"": false, ""truncated"": false}, {""net_id"": 35, ""action"": ""net_end"", ""success"": true, ""action_class"": ""valid_effective"", ""terminated"": false, ""truncated"": false}, {""net_id"": 25, ""action"": ""net_select"", ""success"": true, ""action_class"": ""valid_effective"", ""terminated"": false, ""truncated"": false}, {""net_id"": 25, ""action"": ""start_route"", ""success"": true, ""action_class"": ""valid_effective"", ""terminated"": false, ""truncated"": false}, {""net_id"": 25, ""action"": ""make_line"", ""success"": true, ""action_class"": ""valid_effective"", ""terminated"": false, ""truncated"": false}, {""net_id"": 25, ""action"": ""net_end"", ""success"": true, ""action_class"": ""valid_effective"", ""terminated"": false, ""truncated"": false}, {""net_id"": 56, ""action"": ""net_select"", ""success"": true, ""action_class"": ""valid_effective"", ""terminated"": false, ""truncated"": false}, {""net_id"": 56, ""action"": ""start_route"", ""success"": true, ""action_class"": ""valid_effective"", ""terminated"": false, ""truncated"": false}, {""net_id"": 56, ""action"": ""make_line"", ""success"": true, ""action_class"": ""valid_effective"", ""terminated"": false, ""truncated"": false}, {""net_id"": 56, ""action"": ""net_end"", ""success"": true, ""action_class"": ""valid_effective"", ""terminated"": false, ""truncated"": false}, {""net_id"": 63, ""action"": ""net_select"", ""success"": true, ""action_class"": ""valid_effective"", ""terminated"": false, ""truncated"": false}, {""net_id"": 63, ""action"": ""start_route"", ""success"": false, ""action_class"": ""valid_dispatch_fail"", ""terminated"": false, ""truncated"": false}, {""net_id"": 63, ""action"": ""make_line"", ""success"": false, ""action_class"": ""mask_reject"", ""terminated"": false, ""truncated"": false}, {""net_id"": 63, ""action"": ""net_end"", ""success"": true, ""action_class"": ""valid_effective"", ""terminated"": false, ""truncated"": false}, {""net_id"": 65, ""action"": ""net_select"", ""success"": true, ""action_class"": ""valid_effective"", ""terminated"": false, ""truncated"": false}, {""net_id"": 65, ""action"": ""start_route"", ""success"": false, ""action_class"": ""valid_dispatch_fail"", ""terminated"": false, ""truncated"": false}, {""net_id"": 65, ""action"": ""make_line"", ""success"": false, ""action_class"": ""mask_reject"", ""terminated"": false, ""truncated"": false}, {""net_id"": 65, ""action"": ""net_end"", ""success"": true, ""action_class"": ""valid_effective"", ""terminated"": false, ""truncated"": false}, {""net_id"": 69, ""action"": ""net_select"", ""success"": true, ""action_class"": ""valid_effective"", ""terminated"": false, ""truncated"": false}, {""net_id"": 69, ""action"": ""start_route"", ""success"": false, ""action_class"": ""valid_dispatch_fail"", ""terminated"": false, ""truncated"": false}, {""net_id"": 69, ""action"": ""make_line"", ""success"": false, ""action_class"": ""mask_reject"", ""terminated"": false, ""truncated"": false}, {""net_id"": 69, ""action"": ""net_end"", ""success"": true, ""action_class"": ""valid_effective"", ""terminated"": false, ""truncated"": false}, {""net_id"": 58, ""action"": ""net_select"", ""success"": true, ""action_class"": ""valid_effective"", ""terminated"": false, ""truncated"": false}, {""net_id"": 58, ""action"": ""start_route"", ""success"": true, ""action_class"": ""valid_effective"", ""terminated"": false, ""truncated"": false}, {""net_id"": 58, ""action"": ""make_line"", ""success"": false, ""action_class"": ""valid_dispatch_fail"", ""terminated"": false, ""truncated"": false}, {""net_id"": 58, ""action"": ""net_end"", ""success"": true, ""action_class"": ""valid_effective"", ""terminated"": false, ""truncated"": false}, {""net_id"": 40, ""action"": ""net_select"", ""success"": true, ""action_class"": ""valid_effective"", ""terminated"": false, ""truncated"": false}, {""net_id"": 40, ""action"": ""start_route"", ""success"": true, ""action_class"": ""valid_effective"", ""terminated"": false, ""truncated"": false}, {""net_id"": 40, ""action"": ""make_line"", ""success"": false, ""action_class"": ""valid_dispatch_fail"", ""terminated"": false, ""truncated"": false}, {""net_id"": 40, ""action"": ""net_end"", ""success"": true, ""action_class"": ""valid_effective"", ""terminated"": false, ""truncated"": false}, {""net_id"": 42, ""action"": ""net_select"", ""success"": true, ""action_class"": ""valid_effective"", ""terminated"": false, ""truncated"": false}, {""net_id"": 42, ""action"": ""start_route"", ""success"": true, ""action_class"": ""valid_effective"", ""terminated"": false, ""truncated"": false}, {""net_id"": 42, ""action"": ""make_line"", ""success"": false, ""action_class"": ""valid_dispatch_fail"", ""terminated"": false, ""truncated"": false}, {""net_id"": 42, ""action"": ""net_end"", ""success"": true, ""action_class"": ""valid_effective"", ""terminated"": false, ""truncated"": false}, {""net_id"": 41, ""action"": ""net_select"", ""success"": true, ""action_class"": ""valid_effective"", ""terminated"": false, ""truncated"": false}, {""net_id"": 41, ""action"": ""start_route"", ""success"": true, ""action_class"": ""valid_effective"", ""terminated"": false, ""truncated"": false}, {""net_id"": 41, ""action"": ""make_line"", ""success"": false, ""action_class"": ""valid_dispatch_fail"", ""terminated"": false, ""truncated"": false}, {""net_id"": 41, ""action"": ""net_end"", ""success"": true, ""action_class"": ""valid_effective"", ""terminated"": false, ""truncated"": false}, {""net_id"": 59, ""action"": ""net_select"", ""success"": true, ""action_class"": ""valid_effective"", ""terminated"": false, ""truncated"": false}, {""net_id"": 59, ""action"": ""start_route"", ""success"": true, ""action_class"": ""valid_effective"", ""terminated"": false, ""truncated"": false}, {""net_id"": 59, ""action"": ""make_line"", ""success"": true, ""action_class"": ""valid_effective"", ""terminated"": false, ""truncated"": false}, {""net_id"": 59, ""action"": ""net_end"", ""success"": true, ""action_class"": ""valid_effective"", ""terminated"": false, ""truncated"": false}, {""net_id"": 60, ""action"": ""net_select"", ""success"": true, ""action_class"": ""valid_effective"", ""terminated"": false, ""truncated"": false}, {""net_id"": 60, ""action"": ""start_route"", ""success"": true, ""action_class"": ""valid_effective"", ""terminated"": false, ""truncated"": false}, {""net_id"": 60, ""action"": ""make_line"", ""success"": false, ""action_class"": ""valid_dispatch_fail"", ""terminated"": false, ""truncated"": false}, {""net_id"": 60, ""action"": ""net_end"", ""success"": true, ""action_class"": ""valid_effective"", ""terminated"": true, ""truncated"": false}]",False,11.222837279998203,/content/routescout_phase8b_standalone/artifacts/routed_boards/0473_data-manager_data-manager__mst_easy_first.kicad_pcb,ed958c7ee98af7786df6c65c3334087b3f1a7aed511d158e0a12a9af85374df5,
hard,0473_data-manager_data-manager,data-manager_data-manager,mst_hard_first,34445069b372038560d9632c120803fdcdcaf85f58dae9c14addead15709672e,"[60, 59, 41, 42, 40, 58, 63, 65, 69, 56, 25, 35]","[60, 59, 41, 42, 40, 58, 63, 65, 69, 56, 25, 35]",True,12,0.3333333333333333,False,8,False,8,8,False,1090.19943165909,40,400,48,37,11,"[{""net_id"": 60, ""action"": ""net_select"", ""success"": true, ""action_class"": ""valid_effective"", ""terminated"": false, ""truncated"": false}, {""net_id"": 60, ""action"": ""start_route"", ""success"": true, ""action_class"": ""valid_effective"", ""terminated"": false, ""truncated"": false}, {""net_id"": 60, ""action"": ""make_line"", ""success"": true, ""action_class"": ""valid_effective"", ""terminated"": false, ""truncated"": false}, {""net_id"": 60, ""action"": ""net_end"", ""success"": true, ""action_class"": ""valid_effective"", ""terminated"": false, ""truncated"": false}, {""net_id"": 59, ""action"": ""net_select"", ""success"": true, ""action_class"": ""valid_effective"", ""terminated"": false, ""truncated"": false}, {""net_id"": 59, ""action"": ""start_route"", ""success"": true, ""action_class"": ""valid_effective"", ""terminated"": false, ""truncated"": false}, {""net_id"": 59, ""action"": ""make_line"", ""success"": false, ""action_class"": ""valid_dispatch_fail"", ""terminated"": false, ""truncated"": false}, {""net_id"": 59, ""action"": ""net_end"", ""success"": true, ""action_class"": ""valid_effective"", ""terminated"": false, ""truncated"": false}, {""net_id"": 41, ""action"": ""net_select"", ""success"": true, ""action_class"": ""valid_effective"", ""terminated"": false, ""truncated"": false}, {""net_id"": 41, ""action"": ""start_route"", ""success"": true, ""action_class"": ""valid_effective"", ""terminated"": false, ""truncated"": false}, {""net_id"": 41, ""action"": ""make_line"", ""success"": false, ""action_class"": ""valid_dispatch_fail"", ""terminated"": false, ""truncated"": false}, {""net_id"": 41, ""action"": ""net_end"", ""success"": true, ""action_class"": ""valid_effective"", ""terminated"": false, ""truncated"": false}, {""net_id"": 42, ""action"": ""net_select"", ""success"": true, ""action_class"": ""valid_effective"", ""terminated"": false, ""truncated"": false}, {""net_id"": 42, ""action"": ""start_route"", ""success"": true, ""action_class"": ""valid_effective"", ""terminated"": false, ""truncated"": false}, {""net_id"": 42, ""action"": ""make_line"", ""success"": false, ""action_class"": ""valid_dispatch_fail"", ""terminated"": false, ""truncated"": false}, {""net_id"": 42, ""action"": ""net_end"", ""success"": true, ""action_class"": ""valid_effective"", ""terminated"": false, ""truncated"": false}, {""net_id"": 40, ""action"": ""net_select"", ""success"": true, ""action_class"": ""valid_effective"", ""terminated"": false, ""truncated"": false}, {""net_id"": 40, ""action"": ""start_route"", ""success"": true, ""action_class"": ""valid_effective"", ""terminated"": false, ""truncated"": false}, {""net_id"": 40, ""action"": ""make_line"", ""success"": false, ""action_class"": ""valid_dispatch_fail"", ""terminated"": false, ""truncated"": false}, {""net_id"": 40, ""action"": ""net_end"", ""success"": true, ""action_class"": ""valid_effective"", ""terminated"": false, ""truncated"": false}, {""net_id"": 58, ""action"": ""net_select"", ""success"": true, ""action_class"": ""valid_effective"", ""terminated"": false, ""truncated"": false}, {""net_id"": 58, ""action"": ""start_route"", ""success"": true, ""action_class"": ""valid_effective"", ""terminated"": false, ""truncated"": false}, {""net_id"": 58, ""action"": ""make_line"", ""success"": false, ""action_class"": ""valid_dispatch_fail"", ""terminated"": false, ""truncated"": false}, {""net_id"": 58, ""action"": ""net_end"", ""success"": true, ""action_class"": ""valid_effective"", ""terminated"": false, ""truncated"": false}, {""net_id"": 63, ""action"": ""net_select"", ""success"": true, ""action_class"": ""valid_effective"", ""terminated"": false, ""truncated"": false}, {""net_id"": 63, ""action"": ""start_route"", ""success"": false, ""action_class"": ""valid_dispatch_fail"", ""terminated"": false, ""truncated"": false}, {""net_id"": 63, ""action"": ""make_line"", ""success"": false, ""action_class"": ""mask_reject"", ""terminated"": false, ""truncated"": false}, {""net_id"": 63, ""action"": ""net_end"", ""success"": true, ""action_class"": ""valid_effective"", ""terminated"": false, ""truncated"": false}, {""net_id"": 65, ""action"": ""net_select"", ""success"": true, ""action_class"": ""valid_effective"", ""terminated"": false, ""truncated"": false}, {""net_id"": 65, ""action"": ""start_route"", ""success"": false, ""action_class"": ""valid_dispatch_fail"", ""terminated"": false, ""truncated"": false}, {""net_id"": 65, ""action"": ""make_line"", ""success"": false, ""action_class"": ""mask_reject"", ""terminated"": false, ""truncated"": false}, {""net_id"": 65, ""action"": ""net_end"", ""success"": true, ""action_class"": ""valid_effective"", ""terminated"": false, ""truncated"": false}, {""net_id"": 69, ""action"": ""net_select"", ""success"": true, ""action_class"": ""valid_effective"", ""terminated"": false, ""truncated"": false}, {""net_id"": 69, ""action"": ""start_route"", ""success"": false, ""action_class"": ""valid_dispatch_fail"", ""terminated"": false, ""truncated"": false}, {""net_id"": 69, ""action"": ""make_line"", ""success"": false, ""action_class"": ""mask_reject"", ""terminated"": false, ""truncated"": false}, {""net_id"": 69, ""action"": ""net_end"", ""success"": true, ""action_class"": ""valid_effective"", ""terminated"": false, ""truncated"": false}, {""net_id"": 56, ""action"": ""net_select"", ""success"": true, ""action_class"": ""valid_effective"", ""terminated"": false, ""truncated"": false}, {""net_id"": 56, ""action"": ""start_route"", ""success"": true, ""action_class"": ""valid_effective"", ""terminated"": false, ""truncated"": false}, {""net_id"": 56, ""action"": ""make_line"", ""success"": true, ""action_class"": ""valid_effective"", ""terminated"": false, ""truncated"": false}, {""net_id"": 56, ""action"": ""net_end"", ""success"": true, ""action_class"": ""valid_effective"", ""terminated"": false, ""truncated"": false}, {""net_id"": 25, ""action"": ""net_select"", ""success"": true, ""action_class"": ""valid_effective"", ""terminated"": false, ""truncated"": false}, {""net_id"": 25, ""action"": ""start_route"", ""success"": true, ""action_class"": ""valid_effective"", ""terminated"": false, ""truncated"": false}, {""net_id"": 25, ""action"": ""make_line"", ""success"": true, ""action_class"": ""valid_effective"", ""terminated"": false, ""truncated"": false}, {""net_id"": 25, ""action"": ""net_end"", ""success"": true, ""action_class"": ""valid_effective"", ""terminated"": false, ""truncated"": false}, {""net_id"": 35, ""action"": ""net_select"", ""success"": true, ""action_class"": ""valid_effective"", ""terminated"": false, ""truncated"": false}, {""net_id"": 35, ""action"": ""start_route"", ""success"": true, ""action_class"": ""valid_effective"", ""terminated"": false, ""truncated"": false}, {""net_id"": 35, ""action"": ""make_line"", ""success"": true, ""action_class"": ""valid_effective"", ""terminated"": false, ""truncated"": false}, {""net_id"": 35, ""action"": ""net_end"", ""success"": true, ""action_class"": ""valid_effective"", ""terminated"": true, ""truncated"": false}]",False,13.146696904999772,/content/routescout_phase8b_standalone/artifacts/routed_boards/0473_data-manager_data-manager__mst_hard_first.kicad_pcb,8564d41360b3d4592504b381ca23a762406b91c5159f74e0640b52db15f9281d,
hard,0473_data-manager_data-manager,data-manager_data-manager,natural,34445069b372038560d9632c120803fdcdcaf85f58dae9c14addead15709672e,"[25, 35, 40, 41, 42, 56, 58, 59, 60, 63, 65, 69]","[25, 35, 40, 41, 42, 56, 58, 59, 60, 63, 65, 69]",True,12,0.3333333333333333,False,8,False,8,8,False,1074.9576911416755,40,397,48,37,11,"[{""net_id"": 25, ""action"": ""net_select"", ""success"": true, ""action_class"": ""valid_effective"", ""terminated"": false, ""truncated"": false}, {""net_id"": 25, ""action"": ""start_route"", ""success"": true, ""action_class"": ""valid_effective"", ""terminated"": false, ""truncated"": false}, {""net_id"": 25, ""action"": ""make_line"", ""success"": true, ""action_class"": ""valid_effective"", ""terminated"": false, ""truncated"": false}, {""net_id"": 25, ""action"": ""net_end"", ""success"": true, ""action_class"": ""valid_effective"", ""terminated"": false, ""truncated"": false}, {""net_id"": 35, ""action"": ""net_select"", ""success"": true, ""action_class"": ""valid_effective"", ""terminated"": false, ""truncated"": false}, {""net_id"": 35, ""action"": ""start_route"", ""success"": true, ""action_class"": ""valid_effective"", ""terminated"": false, ""truncated"": false}, {""net_id"": 35, ""action"": ""make_line"", ""success"": true, ""action_class"": ""valid_effective"", ""terminated"": false, ""truncated"": false}, {""net_id"": 35, ""action"": ""net_end"", ""success"": true, ""action_class"": ""valid_effective"", ""terminated"": false, ""truncated"": false}, {""net_id"": 40, ""action"": ""net_select"", ""success"": true, ""action_class"": ""valid_effective"", ""terminated"": false, ""truncated"": false}, {""net_id"": 40, ""action"": ""start_route"", ""success"": true, ""action_class"": ""valid_effective"", ""terminated"": false, ""truncated"": false}, {""net_id"": 40, ""action"": ""make_line"", ""success"": false, ""action_class"": ""valid_dispatch_fail"", ""terminated"": false, ""truncated"": false}, {""net_id"": 40, ""action"": ""net_end"", ""success"": true, ""action_class"": ""valid_effective"", ""terminated"": false, ""truncated"": false}, {""net_id"": 41, ""action"": ""net_select"", ""success"": true, ""action_class"": ""valid_effective"", ""terminated"": false, ""truncated"": false}, {""net_id"": 41, ""action"": ""start_route"", ""success"": true, ""action_class"": ""valid_effective"", ""terminated"": false, ""truncated"": false}, {""net_id"": 41, ""action"": ""make_line"", ""success"": false, ""action_class"": ""valid_dispatch_fail"", ""terminated"": false, ""truncated"": false}, {""net_id"": 41, ""action"": ""net_end"", ""success"": true, ""action_class"": ""valid_effective"", ""terminated"": false, ""truncated"": false}, {""net_id"": 42, ""action"": ""net_select"", ""success"": true, ""action_class"": ""valid_effective"", ""terminated"": false, ""truncated"": false}, {""net_id"": 42, ""action"": ""start_route"", ""success"": true, ""action_class"": ""valid_effective"", ""terminated"": false, ""truncated"": false}, {""net_id"": 42, ""action"": ""make_line"", ""success"": false, ""action_class"": ""valid_dispatch_fail"", ""terminated"": false, ""truncated"": false}, {""net_id"": 42, ""action"": ""net_end"", ""success"": true, ""action_class"": ""valid_effective"", ""terminated"": false, ""truncated"": false}, {""net_id"": 56, ""action"": ""net_select"", ""success"": true, ""action_class"": ""valid_effective"", ""terminated"": false, ""truncated"": false}, {""net_id"": 56, ""action"": ""start_route"", ""success"": true, ""action_class"": ""valid_effective"", ""terminated"": false, ""truncated"": false}, {""net_id"": 56, ""action"": ""make_line"", ""success"": true, ""action_class"": ""valid_effective"", ""terminated"": false, ""truncated"": false}, {""net_id"": 56, ""action"": ""net_end"", ""success"": true, ""action_class"": ""valid_effective"", ""terminated"": false, ""truncated"": false}, {""net_id"": 58, ""action"": ""net_select"", ""success"": true, ""action_class"": ""valid_effective"", ""terminated"": false, ""truncated"": false}, {""net_id"": 58, ""action"": ""start_route"", ""success"": true, ""action_class"": ""valid_effective"", ""terminated"": false, ""truncated"": false}, {""net_id"": 58, ""action"": ""make_line"", ""success"": false, ""action_class"": ""valid_dispatch_fail"", ""terminated"": false, ""truncated"": false}, {""net_id"": 58, ""action"": ""net_end"", ""success"": true, ""action_class"": ""valid_effective"", ""terminated"": false, ""truncated"": false}, {""net_id"": 59, ""action"": ""net_select"", ""success"": true, ""action_class"": ""valid_effective"", ""terminated"": false, ""truncated"": false}, {""net_id"": 59, ""action"": ""start_route"", ""success"": true, ""action_class"": ""valid_effective"", ""terminated"": false, ""truncated"": false}, {""net_id"": 59, ""action"": ""make_line"", ""success"": true, ""action_class"": ""valid_effective"", ""terminated"": false, ""truncated"": false}, {""net_id"": 59, ""action"": ""net_end"", ""success"": true, ""action_class"": ""valid_effective"", ""terminated"": false, ""truncated"": false}, {""net_id"": 60, ""action"": ""net_select"", ""success"": true, ""action_class"": ""valid_effective"", ""terminated"": false, ""truncated"": false}, {""net_id"": 60, ""action"": ""start_route"", ""success"": true, ""action_class"": ""valid_effective"", ""terminated"": false, ""truncated"": false}, {""net_id"": 60, ""action"": ""make_line"", ""success"": false, ""action_class"": ""valid_dispatch_fail"", ""terminated"": false, ""truncated"": false}, {""net_id"": 60, ""action"": ""net_end"", ""success"": true, ""action_class"": ""valid_effective"", ""terminated"": false, ""truncated"": false}, {""net_id"": 63, ""action"": ""net_select"", ""success"": true, ""action_class"": ""valid_effective"", ""terminated"": false, ""truncated"": false}, {""net_id"": 63, ""action"": ""start_route"", ""success"": false, ""action_class"": ""valid_dispatch_fail"", ""terminated"": false, ""truncated"": false}, {""net_id"": 63, ""action"": ""make_line"", ""success"": false, ""action_class"": ""mask_reject"", ""terminated"": false, ""truncated"": false}, {""net_id"": 63, ""action"": ""net_end"", ""success"": true, ""action_class"": ""valid_effective"", ""terminated"": false, ""truncated"": false}, {""net_id"": 65, ""action"": ""net_select"", ""success"": true, ""action_class"": ""valid_effective"", ""terminated"": false, ""truncated"": false}, {""net_id"": 65, ""action"": ""start_route"", ""success"": false, ""action_class"": ""valid_dispatch_fail"", ""terminated"": false, ""truncated"": false}, {""net_id"": 65, ""action"": ""make_line"", ""success"": false, ""action_class"": ""mask_reject"", ""terminated"": false, ""truncated"": false}, {""net_id"": 65, ""action"": ""net_end"", ""success"": true, ""action_class"": ""valid_effective"", ""terminated"": false, ""truncated"": false}, {""net_id"": 69, ""action"": ""net_select"", ""success"": true, ""action_class"": ""valid_effective"", ""terminated"": false, ""truncated"": false}, {""net_id"": 69, ""action"": ""start_route"", ""success"": false, ""action_class"": ""valid_dispatch_fail"", ""terminated"": false, ""truncated"": false}, {""net_id"": 69, ""action"": ""make_line"", ""success"": false, ""action_class"": ""mask_reject"", ""terminated"": false, ""truncated"": false}, {""net_id"": 69, ""action"": ""net_end"", ""success"": true, ""action_class"": ""valid_effective"", ""terminated"": true, ""truncated"": false}]",False,13.135268585998347,/content/routescout_phase8b_standalone/artifacts/routed_boards/0473_data-manager_data-manager__natural.kicad_pcb,8380bdda6539802abf3c5e7cfade0b34fc496fac43f02782a5585207781e2f4b,
hard,0496_kitspace_f-91w,kitspace_f-91w,mst_easy_first,feddabb6aeb28b5a06c3d36fdb05d94f9704d822638ed34cf44f6cb9c96af99e,"[49, 50, 24, 60, 13, 30, 27, 20, 10, 7, 1, 46]","[49, 50, 24, 60, 13, 30, 27, 20, 10, 7, 1, 46]",True,12,0.16666666666666666,False,10,False,10,14,False,513.3747645336886,54,504,48,38,10,"[{""net_id"": 49, ""action"": ""net_select"", ""success"": true, ""action_class"": ""valid_effective"", ""terminated"": false, ""truncated"": false}, {""net_id"": 49, ""action"": ""start_route"", ""success"": true, ""action_class"": ""valid_effective"", ""terminated"": false, ""truncated"": false}, {""net_id"": 49, ""action"": ""make_line"", ""success"": false, ""action_class"": ""valid_dispatch_fail"", ""terminated"": false, ""truncated"": false}, {""net_id"": 49, ""action"": ""net_end"", ""success"": true, ""action_class"": ""valid_effective"", ""terminated"": false, ""truncated"": false}, {""net_id"": 50, ""action"": ""net_select"", ""success"": true, ""action_class"": ""valid_effective"", ""terminated"": false, ""truncated"": false}, {""net_id"": 50, ""action"": ""start_route"", ""success"": true, ""action_class"": ""valid_effective"", ""terminated"": false, ""truncated"": false}, {""net_id"": 50, ""action"": ""make_line"", ""success"": true, ""action_class"": ""valid_effective"", ""terminated"": false, ""truncated"": false}, {""net_id"": 50, ""action"": ""net_end"", ""success"": true, ""action_class"": ""valid_effective"", ""terminated"": false, ""truncated"": false}, {""net_id"": 24, ""action"": ""net_select"", ""success"": true, ""action_class"": ""valid_effective"", ""terminated"": false, ""truncated"": false}, {""net_id"": 24, ""action"": ""start_route"", ""success"": true, ""action_class"": ""valid_effective"", ""terminated"": false, ""truncated"": false}, {""net_id"": 24, ""action"": ""make_line"", ""success"": true, ""action_class"": ""valid_effective"", ""terminated"": false, ""truncated"": false}, {""net_id"": 24, ""action"": ""net_end"", ""success"": true, ""action_class"": ""valid_effective"", ""terminated"": false, ""truncated"": false}, {""net_id"": 60, ""action"": ""net_select"", ""success"": true, ""action_class"": ""valid_effective"", ""terminated"": false, ""truncated"": false}, {""net_id"": 60, ""action"": ""start_route"", ""success"": true, ""action_class"": ""valid_effective"", ""terminated"": false, ""truncated"": false}, {""net_id"": 60, ""action"": ""make_line"", ""success"": false, ""action_class"": ""valid_dispatch_fail"", ""terminated"": false, ""truncated"": false}, {""net_id"": 60, ""action"": ""net_end"", ""success"": true, ""action_class"": ""valid_effective"", ""terminated"": false, ""truncated"": false}, {""net_id"": 13, ""action"": ""net_select"", ""success"": true, ""action_class"": ""valid_effective"", ""terminated"": false, ""truncated"": false}, {""net_id"": 13, ""action"": ""start_route"", ""success"": true, ""action_class"": ""valid_effective"", ""terminated"": false, ""truncated"": false}, {""net_id"": 13, ""action"": ""make_line"", ""success"": false, ""action_class"": ""valid_dispatch_fail"", ""terminated"": false, ""truncated"": false}, {""net_id"": 13, ""action"": ""net_end"", ""success"": true, ""action_class"": ""valid_effective"", ""terminated"": false, ""truncated"": false}, {""net_id"": 30, ""action"": ""net_select"", ""success"": true, ""action_class"": ""valid_effective"", ""terminated"": false, ""truncated"": false}, {""net_id"": 30, ""action"": ""start_route"", ""success"": true, ""action_class"": ""valid_effective"", ""terminated"": false, ""truncated"": false}, {""net_id"": 30, ""action"": ""make_line"", ""success"": false, ""action_class"": ""valid_dispatch_fail"", ""terminated"": false, ""truncated"": false}, {""net_id"": 30, ""action"": ""net_end"", ""success"": true, ""action_class"": ""valid_effective"", ""terminated"": false, ""truncated"": false}, {""net_id"": 27, ""action"": ""net_select"", ""success"": true, ""action_class"": ""valid_effective"", ""terminated"": false, ""truncated"": false}, {""net_id"": 27, ""action"": ""start_route"", ""success"": true, ""action_class"": ""valid_effective"", ""terminated"": false, ""truncated"": false}, {""net_id"": 27, ""action"": ""make_line"", ""success"": false, ""action_class"": ""valid_dispatch_fail"", ""terminated"": false, ""truncated"": false}, {""net_id"": 27, ""action"": ""net_end"", ""success"": true, ""action_class"": ""valid_effective"", ""terminated"": false, ""truncated"": false}, {""net_id"": 20, ""action"": ""net_select"", ""success"": true, ""action_class"": ""valid_effective"", ""terminated"": false, ""truncated"": false}, {""net_id"": 20, ""action"": ""start_route"", ""success"": true, ""action_class"": ""valid_effective"", ""terminated"": false, ""truncated"": false}, {""net_id"": 20, ""action"": ""make_line"", ""success"": false, ""action_class"": ""valid_dispatch_fail"", ""terminated"": false, ""truncated"": false}, {""net_id"": 20, ""action"": ""net_end"", ""success"": true, ""action_class"": ""valid_effective"", ""terminated"": false, ""truncated"": false}, {""net_id"": 10, ""action"": ""net_select"", ""success"": true, ""action_class"": ""valid_effective"", ""terminated"": false, ""truncated"": false}, {""net_id"": 10, ""action"": ""start_route"", ""success"": true, ""action_class"": ""valid_effective"", ""terminated"": false, ""truncated"": false}, {""net_id"": 10, ""action"": ""make_line"", ""success"": false, ""action_class"": ""valid_dispatch_fail"", ""terminated"": false, ""truncated"": false}, {""net_id"": 10, ""action"": ""net_end"", ""success"": true, ""action_class"": ""valid_effective"", ""terminated"": false, ""truncated"": false}, {""net_id"": 7, ""action"": ""net_select"", ""success"": true, ""action_class"": ""valid_effective"", ""terminated"": false, ""truncated"": false}, {""net_id"": 7, ""action"": ""start_route"", ""success"": true, ""action_class"": ""valid_effective"", ""terminated"": false, ""truncated"": false}, {""net_id"": 7, ""action"": ""make_line"", ""success"": false, ""action_class"": ""valid_dispatch_fail"", ""terminated"": false, ""truncated"": false}, {""net_id"": 7, ""action"": ""net_end"", ""success"": true, ""action_class"": ""valid_effective"", ""terminated"": false, ""truncated"": false}, {""net_id"": 1, ""action"": ""net_select"", ""success"": true, ""action_class"": ""valid_effective"", ""terminated"": false, ""truncated"": false}, {""net_id"": 1, ""action"": ""start_route"", ""success"": true, ""action_class"": ""valid_effective"", ""terminated"": false, ""truncated"": false}, {""net_id"": 1, ""action"": ""make_line"", ""success"": false, ""action_class"": ""valid_dispatch_fail"", ""terminated"": false, ""truncated"": false}, {""net_id"": 1, ""action"": ""net_end"", ""success"": true, ""action_class"": ""valid_effective"", ""terminated"": false, ""truncated"": false}, {""net_id"": 46, ""action"": ""net_select"", ""success"": true, ""action_class"": ""valid_effective"", ""terminated"": false, ""truncated"": false}, {""net_id"": 46, ""action"": ""start_route"", ""success"": true, ""action_class"": ""valid_effective"", ""terminated"": false, ""truncated"": false}, {""net_id"": 46, ""action"": ""make_line"", ""success"": false, ""action_class"": ""valid_dispatch_fail"", ""terminated"": false, ""truncated"": false}, {""net_id"": 46, ""action"": ""net_end"", ""success"": true, ""action_class"": ""valid_effective"", ""terminated"": true, ""truncated"": false}]",False,15.32549533800011,/content/routescout_phase8b_standalone/artifacts/routed_boards/0496_kitspace_f-91w__mst_easy_first.kicad_pcb,744ab15055b08f96d319b50f5f4f40bf0eb3c7f2ee37c599a5af744a9165d076,
hard,0496_kitspace_f-91w,kitspace_f-91w,mst_hard_first,feddabb6aeb28b5a06c3d36fdb05d94f9704d822638ed34cf44f6cb9c96af99e,"[46, 1, 7, 10, 20, 27, 30, 13, 60, 24, 50, 49]","[46, 1, 7, 10, 20, 27, 30, 13, 60, 24, 50, 49]",True,12,0.16666666666666666,False,10,False,10,14,False,525.3963976974558,54,509,48,38,10,"[{""net_id"": 46, ""action"": ""net_select"", ""success"": true, ""action_class"": ""valid_effective"", ""terminated"": false, ""truncated"": false}, {""net_id"": 46, ""action"": ""start_route"", ""success"": true, ""action_class"": ""valid_effective"", ""terminated"": false, ""truncated"": false}, {""net_id"": 46, ""action"": ""make_line"", ""success"": false, ""action_class"": ""valid_dispatch_fail"", ""terminated"": false, ""truncated"": false}, {""net_id"": 46, ""action"": ""net_end"", ""success"": true, ""action_class"": ""valid_effective"", ""terminated"": false, ""truncated"": false}, {""net_id"": 1, ""action"": ""net_select"", ""success"": true, ""action_class"": ""valid_effective"", ""terminated"": false, ""truncated"": false}, {""net_id"": 1, ""action"": ""start_route"", ""success"": true, ""action_class"": ""valid_effective"", ""terminated"": false, ""truncated"": false}, {""net_id"": 1, ""action"": ""make_line"", ""success"": false, ""action_class"": ""valid_dispatch_fail"", ""terminated"": false, ""truncated"": false}, {""net_id"": 1, ""action"": ""net_end"", ""success"": true, ""action_class"": ""valid_effective"", ""terminated"": false, ""truncated"": false}, {""net_id"": 7, ""action"": ""net_select"", ""success"": true, ""action_class"": ""valid_effective"", ""terminated"": false, ""truncated"": false}, {""net_id"": 7, ""action"": ""start_route"", ""success"": true, ""action_class"": ""valid_effective"", ""terminated"": false, ""truncated"": false}, {""net_id"": 7, ""action"": ""make_line"", ""success"": false, ""action_class"": ""valid_dispatch_fail"", ""terminated"": false, ""truncated"": false}, {""net_id"": 7, ""action"": ""net_end"", ""success"": true, ""action_class"": ""valid_effective"", ""terminated"": false, ""truncated"": false}, {""net_id"": 10, ""action"": ""net_select"", ""success"": true, ""action_class"": ""valid_effective"", ""terminated"": false, ""truncated"": false}, {""net_id"": 10, ""action"": ""start_route"", ""success"": true, ""action_class"": ""valid_effective"", ""terminated"": false, ""truncated"": false}, {""net_id"": 10, ""action"": ""make_line"", ""success"": false, ""action_class"": ""valid_dispatch_fail"", ""terminated"": false, ""truncated"": false}, {""net_id"": 10, ""action"": ""net_end"", ""success"": true, ""action_class"": ""valid_effective"", ""terminated"": false, ""truncated"": false}, {""net_id"": 20, ""action"": ""net_select"", ""success"": true, ""action_class"": ""valid_effective"", ""terminated"": false, ""truncated"": false}, {""net_id"": 20, ""action"": ""start_route"", ""success"": true, ""action_class"": ""valid_effective"", ""terminated"": false, ""truncated"": false}, {""net_id"": 20, ""action"": ""make_line"", ""success"": false, ""action_class"": ""valid_dispatch_fail"", ""terminated"": false, ""truncated"": false}, {""net_id"": 20, ""action"": ""net_end"", ""success"": true, ""action_class"": ""valid_effective"", ""terminated"": false, ""truncated"": false}, {""net_id"": 27, ""action"": ""net_select"", ""success"": true, ""action_class"": ""valid_effective"", ""terminated"": false, ""truncated"": false}, {""net_id"": 27, ""action"": ""start_route"", ""success"": true, ""action_class"": ""valid_effective"", ""terminated"": false, ""truncated"": false}, {""net_id"": 27, ""action"": ""make_line"", ""success"": true, ""action_class"": ""valid_effective"", ""terminated"": false, ""truncated"": false}, {""net_id"": 27, ""action"": ""net_end"", ""success"": true, ""action_class"": ""valid_effective"", ""terminated"": false, ""truncated"": false}, {""net_id"": 30, ""action"": ""net_select"", ""success"": true, ""action_class"": ""valid_effective"", ""terminated"": false, ""truncated"": false}, {""net_id"": 30, ""action"": ""start_route"", ""success"": true, ""action_class"": ""valid_effective"", ""terminated"": false, ""truncated"": false}, {""net_id"": 30, ""action"": ""make_line"", ""success"": false, ""action_class"": ""valid_dispatch_fail"", ""terminated"": false, ""truncated"": false}, {""net_id"": 30, ""action"": ""net_end"", ""success"": true, ""action_class"": ""valid_effective"", ""terminated"": false, ""truncated"": false}, {""net_id"": 13, ""action"": ""net_select"", ""success"": true, ""action_class"": ""valid_effective"", ""terminated"": false, ""truncated"": false}, {""net_id"": 13, ""action"": ""start_route"", ""success"": true, ""action_class"": ""valid_effective"", ""terminated"": false, ""truncated"": false}, {""net_id"": 13, ""action"": ""make_line"", ""success"": false, ""action_class"": ""valid_dispatch_fail"", ""terminated"": false, ""truncated"": false}, {""net_id"": 13, ""action"": ""net_end"", ""success"": true, ""action_class"": ""valid_effective"", ""terminated"": false, ""truncated"": false}, {""net_id"": 60, ""action"": ""net_select"", ""success"": true, ""action_class"": ""valid_effective"", ""terminated"": false, ""truncated"": false}, {""net_id"": 60, ""action"": ""start_route"", ""success"": true, ""action_class"": ""valid_effective"", ""terminated"": false, ""truncated"": false}, {""net_id"": 60, ""action"": ""make_line"", ""success"": false, ""action_class"": ""valid_dispatch_fail"", ""terminated"": false, ""truncated"": false}, {""net_id"": 60, ""action"": ""net_end"", ""success"": true, ""action_class"": ""valid_effective"", ""terminated"": false, ""truncated"": false}, {""net_id"": 24, ""action"": ""net_select"", ""success"": true, ""action_class"": ""valid_effective"", ""terminated"": false, ""truncated"": false}, {""net_id"": 24, ""action"": ""start_route"", ""success"": true, ""action_class"": ""valid_effective"", ""terminated"": false, ""truncated"": false}, {""net_id"": 24, ""action"": ""make_line"", ""success"": true, ""action_class"": ""valid_effective"", ""terminated"": false, ""truncated"": false}, {""net_id"": 24, ""action"": ""net_end"", ""success"": true, ""action_class"": ""valid_effective"", ""terminated"": false, ""truncated"": false}, {""net_id"": 50, ""action"": ""net_select"", ""success"": true, ""action_class"": ""valid_effective"", ""terminated"": false, ""truncated"": false}, {""net_id"": 50, ""action"": ""start_route"", ""success"": true, ""action_class"": ""valid_effective"", ""terminated"": false, ""truncated"": false}, {""net_id"": 50, ""action"": ""make_line"", ""success"": false, ""action_class"": ""valid_dispatch_fail"", ""terminated"": false, ""truncated"": false}, {""net_id"": 50, ""action"": ""net_end"", ""success"": true, ""action_class"": ""valid_effective"", ""terminated"": false, ""truncated"": false}, {""net_id"": 49, ""action"": ""net_select"", ""success"": true, ""action_class"": ""valid_effective"", ""terminated"": false, ""truncated"": false}, {""net_id"": 49, ""action"": ""start_route"", ""success"": true, ""action_class"": ""valid_effective"", ""terminated"": false, ""truncated"": false}, {""net_id"": 49, ""action"": ""make_line"", ""success"": false, ""action_class"": ""valid_dispatch_fail"", ""terminated"": false, ""truncated"": false}, {""net_id"": 49, ""action"": ""net_end"", ""success"": true, ""action_class"": ""valid_effective"", ""terminated"": true, ""truncated"": false}]",False,15.930409197999325,/content/routescout_phase8b_standalone/artifacts/routed_boards/0496_kitspace_f-91w__mst_hard_first.kicad_pcb,e4b3b82dcd2104f7ee22bfa723c6bca0c330e6b238b317c7362a88eb02784821,
hard,0496_kitspace_f-91w,kitspace_f-91w,natural,feddabb6aeb28b5a06c3d36fdb05d94f9704d822638ed34cf44f6cb9c96af99e,"[1, 7, 10, 13, 20, 24, 27, 30, 46, 49, 50, 60]","[1, 7, 10, 13, 20, 24, 27, 30, 46, 49, 50, 60]",True,12,0.16666666666666666,False,10,False,10,14,False,525.3963976974558,54,509,48,38,10,"[{""net_id"": 1, ""action"": ""net_select"", ""success"": true, ""action_class"": ""valid_effective"", ""terminated"": false, ""truncated"": false}, {""net_id"": 1, ""action"": ""start_route"", ""success"": true, ""action_class"": ""valid_effective"", ""terminated"": false, ""truncated"": false}, {""net_id"": 1, ""action"": ""make_line"", ""success"": false, ""action_class"": ""valid_dispatch_fail"", ""terminated"": false, ""truncated"": false}, {""net_id"": 1, ""action"": ""net_end"", ""success"": true, ""action_class"": ""valid_effective"", ""terminated"": false, ""truncated"": false}, {""net_id"": 7, ""action"": ""net_select"", ""success"": true, ""action_class"": ""valid_effective"", ""terminated"": false, ""truncated"": false}, {""net_id"": 7, ""action"": ""start_route"", ""success"": true, ""action_class"": ""valid_effective"", ""terminated"": false, ""truncated"": false}, {""net_id"": 7, ""action"": ""make_line"", ""success"": false, ""action_class"": ""valid_dispatch_fail"", ""terminated"": false, ""truncated"": false}, {""net_id"": 7, ""action"": ""net_end"", ""success"": true, ""action_class"": ""valid_effective"", ""terminated"": false, ""truncated"": false}, {""net_id"": 10, ""action"": ""net_select"", ""success"": true, ""action_class"": ""valid_effective"", ""terminated"": false, ""truncated"": false}, {""net_id"": 10, ""action"": ""start_route"", ""success"": true, ""action_class"": ""valid_effective"", ""terminated"": false, ""truncated"": false}, {""net_id"": 10, ""action"": ""make_line"", ""success"": false, ""action_class"": ""valid_dispatch_fail"", ""terminated"": false, ""truncated"": false}, {""net_id"": 10, ""action"": ""net_end"", ""success"": true, ""action_class"": ""valid_effective"", ""terminated"": false, ""truncated"": false}, {""net_id"": 13, ""action"": ""net_select"", ""success"": true, ""action_class"": ""valid_effective"", ""terminated"": false, ""truncated"": false}, {""net_id"": 13, ""action"": ""start_route"", ""success"": true, ""action_class"": ""valid_effective"", ""terminated"": false, ""truncated"": false}, {""net_id"": 13, ""action"": ""make_line"", ""success"": false, ""action_class"": ""valid_dispatch_fail"", ""terminated"": false, ""truncated"": false}, {""net_id"": 13, ""action"": ""net_end"", ""success"": true, ""action_class"": ""valid_effective"", ""terminated"": false, ""truncated"": false}, {""net_id"": 20, ""action"": ""net_select"", ""success"": true, ""action_class"": ""valid_effective"", ""terminated"": false, ""truncated"": false}, {""net_id"": 20, ""action"": ""start_route"", ""success"": true, ""action_class"": ""valid_effective"", ""terminated"": false, ""truncated"": false}, {""net_id"": 20, ""action"": ""make_line"", ""success"": false, ""action_class"": ""valid_dispatch_fail"", ""terminated"": false, ""truncated"": false}, {""net_id"": 20, ""action"": ""net_end"", ""success"": true, ""action_class"": ""valid_effective"", ""terminated"": false, ""truncated"": false}, {""net_id"": 24, ""action"": ""net_select"", ""success"": true, ""action_class"": ""valid_effective"", ""terminated"": false, ""truncated"": false}, {""net_id"": 24, ""action"": ""start_route"", ""success"": true, ""action_class"": ""valid_effective"", ""terminated"": false, ""truncated"": false}, {""net_id"": 24, ""action"": ""make_line"", ""success"": true, ""action_class"": ""valid_effective"", ""terminated"": false, ""truncated"": false}, {""net_id"": 24, ""action"": ""net_end"", ""success"": true, ""action_class"": ""valid_effective"", ""terminated"": false, ""truncated"": false}, {""net_id"": 27, ""action"": ""net_select"", ""success"": true, ""action_class"": ""valid_effective"", ""terminated"": false, ""truncated"": false}, {""net_id"": 27, ""action"": ""start_route"", ""success"": true, ""action_class"": ""valid_effective"", ""terminated"": false, ""truncated"": false}, {""net_id"": 27, ""action"": ""make_line"", ""success"": true, ""action_class"": ""valid_effective"", ""terminated"": false, ""truncated"": false}, {""net_id"": 27, ""action"": ""net_end"", ""success"": true, ""action_class"": ""valid_effective"", ""terminated"": false, ""truncated"": false}, {""net_id"": 30, ""action"": ""net_select"", ""success"": true, ""action_class"": ""valid_effective"", ""terminated"": false, ""truncated"": false}, {""net_id"": 30, ""action"": ""start_route"", ""success"": true, ""action_class"": ""valid_effective"", ""terminated"": false, ""truncated"": false}, {""net_id"": 30, ""action"": ""make_line"", ""success"": false, ""action_class"": ""valid_dispatch_fail"", ""terminated"": false, ""truncated"": false}, {""net_id"": 30, ""action"": ""net_end"", ""success"": true, ""action_class"": ""valid_effective"", ""terminated"": false, ""truncated"": false}, {""net_id"": 46, ""action"": ""net_select"", ""success"": true, ""action_class"": ""valid_effective"", ""terminated"": false, ""truncated"": false}, {""net_id"": 46, ""action"": ""start_route"", ""success"": true, ""action_class"": ""valid_effective"", ""terminated"": false, ""truncated"": false}, {""net_id"": 46, ""action"": ""make_line"", ""success"": false, ""action_class"": ""valid_dispatch_fail"", ""terminated"": false, ""truncated"": false}, {""net_id"": 46, ""action"": ""net_end"", ""success"": true, ""action_class"": ""valid_effective"", ""terminated"": false, ""truncated"": false}, {""net_id"": 49, ""action"": ""net_select"", ""success"": true, ""action_class"": ""valid_effective"", ""terminated"": false, ""truncated"": false}, {""net_id"": 49, ""action"": ""start_route"", ""success"": true, ""action_class"": ""valid_effective"", ""terminated"": false, ""truncated"": false}, {""net_id"": 49, ""action"": ""make_line"", ""success"": false, ""action_class"": ""valid_dispatch_fail"", ""terminated"": false, ""truncated"": false}, {""net_id"": 49, ""action"": ""net_end"", ""success"": true, ""action_class"": ""valid_effective"", ""terminated"": false, ""truncated"": false}, {""net_id"": 50, ""action"": ""net_select"", ""success"": true, ""action_class"": ""valid_effective"", ""terminated"": false, ""truncated"": false}, {""net_id"": 50, ""action"": ""start_route"", ""success"": true, ""action_class"": ""valid_effective"", ""terminated"": false, ""truncated"": false}, {""net_id"": 50, ""action"": ""make_line"", ""success"": false, ""action_class"": ""valid_dispatch_fail"", ""terminated"": false, ""truncated"": false}, {""net_id"": 50, ""action"": ""net_end"", ""success"": true, ""action_class"": ""valid_effective"", ""terminated"": false, ""truncated"": false}, {""net_id"": 60, ""action"": ""net_select"", ""success"": true, ""action_class"": ""valid_effective"", ""terminated"": false, ""truncated"": false}, {""net_id"": 60, ""action"": ""start_route"", ""success"": true, ""action_class"": ""valid_effective"", ""terminated"": false, ""truncated"": false}, {""net_id"": 60, ""action"": ""make_line"", ""success"": false, ""action_class"": ""valid_dispatch_fail"", ""terminated"": false, ""truncated"": false}, {""net_id"": 60, ""action"": ""net_end"", ""success"": true, ""action_class"": ""valid_effective"", ""terminated"": true, ""truncated"": false}]",False,15.175608728999578,/content/routescout_phase8b_standalone/artifacts/routed_boards/0496_kitspace_f-91w__natural.kicad_pcb,644191428aecd93bccd856122bc135bac51d179c3a1f79c8e2bbfd14eddace9f,
hard,0546_ozinverter_ozinverterkicad,ozinverter_ozinverterkicad,mst_easy_first,25f266d4450841cb4b0f9bf1690d3cfeff83c4cbfd790f321187f07e0420e7fc,"[22, 40, 41, 36, 28, 31, 42, 43, 29, 45, 32, 30]","[22, 40, 41, 36, 28, 31, 42, 43, 29, 45, 32, 30]",True,12,0.0,False,12,False,12,12,False,1773.361867412819,1,406,48,24,24,"[{""net_id"": 22, ""action"": ""net_select"", ""success"": true, ""action_class"": ""valid_effective"", ""terminated"": false, ""truncated"": false}, {""net_id"": 22, ""action"": ""start_route"", ""success"": false, ""action_class"": ""valid_dispatch_fail"", ""terminated"": false, ""truncated"": false}, {""net_id"": 22, ""action"": ""make_line"", ""success"": false, ""action_class"": ""mask_reject"", ""terminated"": false, ""truncated"": false}, {""net_id"": 22, ""action"": ""net_end"", ""success"": true, ""action_class"": ""valid_effective"", ""terminated"": false, ""truncated"": false}, {""net_id"": 40, ""action"": ""net_select"", ""success"": true, ""action_class"": ""valid_effective"", ""terminated"": false, ""truncated"": false}, {""net_id"": 40, ""action"": ""start_route"", ""success"": false, ""action_class"": ""valid_dispatch_fail"", ""terminated"": false, ""truncated"": false}, {""net_id"": 40, ""action"": ""make_line"", ""success"": false, ""action_class"": ""mask_reject"", ""terminated"": false, ""truncated"": false}, {""net_id"": 40, ""action"": ""net_end"", ""success"": true, ""action_class"": ""valid_effective"", ""terminated"": false, ""truncated"": false}, {""net_id"": 41, ""action"": ""net_select"", ""success"": true, ""action_class"": ""valid_effective"", ""terminated"": false, ""truncated"": false}, {""net_id"": 41, ""action"": ""start_route"", ""success"": false, ""action_class"": ""valid_dispatch_fail"", ""terminated"": false, ""truncated"": false}, {""net_id"": 41, ""action"": ""make_line"", ""success"": false, ""action_class"": ""mask_reject"", ""terminated"": false, ""truncated"": false}, {""net_id"": 41, ""action"": ""net_end"", ""success"": true, ""action_class"": ""valid_effective"", ""terminated"": false, ""truncated"": false}, {""net_id"": 36, ""action"": ""net_select"", ""success"": true, ""action_class"": ""valid_effective"", ""terminated"": false, ""truncated"": false}, {""net_id"": 36, ""action"": ""start_route"", ""success"": false, ""action_class"": ""valid_dispatch_fail"", ""terminated"": false, ""truncated"": false}, {""net_id"": 36, ""action"": ""make_line"", ""success"": false, ""action_class"": ""mask_reject"", ""terminated"": false, ""truncated"": false}, {""net_id"": 36, ""action"": ""net_end"", ""success"": true, ""action_class"": ""valid_effective"", ""terminated"": false, ""truncated"": false}, {""net_id"": 28, ""action"": ""net_select"", ""success"": true, ""action_class"": ""valid_effective"", ""terminated"": false, ""truncated"": false}, {""net_id"": 28, ""action"": ""start_route"", ""success"": false, ""action_class"": ""valid_dispatch_fail"", ""terminated"": false, ""truncated"": false}, {""net_id"": 28, ""action"": ""make_line"", ""success"": false, ""action_class"": ""mask_reject"", ""terminated"": false, ""truncated"": false}, {""net_id"": 28, ""action"": ""net_end"", ""success"": true, ""action_class"": ""valid_effective"", ""terminated"": false, ""truncated"": false}, {""net_id"": 31, ""action"": ""net_select"", ""success"": true, ""action_class"": ""valid_effective"", ""terminated"": false, ""truncated"": false}, {""net_id"": 31, ""action"": ""start_route"", ""success"": false, ""action_class"": ""valid_dispatch_fail"", ""terminated"": false, ""truncated"": false}, {""net_id"": 31, ""action"": ""make_line"", ""success"": false, ""action_class"": ""mask_reject"", ""terminated"": false, ""truncated"": false}, {""net_id"": 31, ""action"": ""net_end"", ""success"": true, ""action_class"": ""valid_effective"", ""terminated"": false, ""truncated"": false}, {""net_id"": 42, ""action"": ""net_select"", ""success"": true, ""action_class"": ""valid_effective"", ""terminated"": false, ""truncated"": false}, {""net_id"": 42, ""action"": ""start_route"", ""success"": false, ""action_class"": ""valid_dispatch_fail"", ""terminated"": false, ""truncated"": false}, {""net_id"": 42, ""action"": ""make_line"", ""success"": false, ""action_class"": ""mask_reject"", ""terminated"": false, ""truncated"": false}, {""net_id"": 42, ""action"": ""net_end"", ""success"": true, ""action_class"": ""valid_effective"", ""terminated"": false, ""truncated"": false}, {""net_id"": 43, ""action"": ""net_select"", ""success"": true, ""action_class"": ""valid_effective"", ""terminated"": false, ""truncated"": false}, {""net_id"": 43, ""action"": ""start_route"", ""success"": false, ""action_class"": ""valid_dispatch_fail"", ""terminated"": false, ""truncated"": false}, {""net_id"": 43, ""action"": ""make_line"", ""success"": false, ""action_class"": ""mask_reject"", ""terminated"": false, ""truncated"": false}, {""net_id"": 43, ""action"": ""net_end"", ""success"": true, ""action_class"": ""valid_effective"", ""terminated"": false, ""truncated"": false}, {""net_id"": 29, ""action"": ""net_select"", ""success"": true, ""action_class"": ""valid_effective"", ""terminated"": false, ""truncated"": false}, {""net_id"": 29, ""action"": ""start_route"", ""success"": false, ""action_class"": ""valid_dispatch_fail"", ""terminated"": false, ""truncated"": false}, {""net_id"": 29, ""action"": ""make_line"", ""success"": false, ""action_class"": ""mask_reject"", ""terminated"": false, ""truncated"": false}, {""net_id"": 29, ""action"": ""net_end"", ""success"": true, ""action_class"": ""valid_effective"", ""terminated"": false, ""truncated"": false}, {""net_id"": 45, ""action"": ""net_select"", ""success"": true, ""action_class"": ""valid_effective"", ""terminated"": false, ""truncated"": false}, {""net_id"": 45, ""action"": ""start_route"", ""success"": false, ""action_class"": ""valid_dispatch_fail"", ""terminated"": false, ""truncated"": false}, {""net_id"": 45, ""action"": ""make_line"", ""success"": false, ""action_class"": ""mask_reject"", ""terminated"": false, ""truncated"": false}, {""net_id"": 45, ""action"": ""net_end"", ""success"": true, ""action_class"": ""valid_effective"", ""terminated"": false, ""truncated"": false}, {""net_id"": 32, ""action"": ""net_select"", ""success"": true, ""action_class"": ""valid_effective"", ""terminated"": false, ""truncated"": false}, {""net_id"": 32, ""action"": ""start_route"", ""success"": false, ""action_class"": ""valid_dispatch_fail"", ""terminated"": false, ""truncated"": false}, {""net_id"": 32, ""action"": ""make_line"", ""success"": false, ""action_class"": ""mask_reject"", ""terminated"": false, ""truncated"": false}, {""net_id"": 32, ""action"": ""net_end"", ""success"": true, ""action_class"": ""valid_effective"", ""terminated"": false, ""truncated"": false}, {""net_id"": 30, ""action"": ""net_select"", ""success"": true, ""action_class"": ""valid_effective"", ""terminated"": false, ""truncated"": false}, {""net_id"": 30, ""action"": ""start_route"", ""success"": false, ""action_class"": ""valid_dispatch_fail"", ""terminated"": false, ""truncated"": false}, {""net_id"": 30, ""action"": ""make_line"", ""success"": false, ""action_class"": ""mask_reject"", ""terminated"": false, ""truncated"": false}, {""net_id"": 30, ""action"": ""net_end"", ""success"": true, ""action_class"": ""valid_effective"", ""terminated"": true, ""truncated"": false}]",False,2.7835552059987094,/content/routescout_phase8b_standalone/artifacts/routed_boards/0546_ozinverter_ozinverterkicad__mst_easy_first.kicad_pcb,2b1e054c3ac39fc57cadc85cec177b05594235ff97d7f83c4254933962856683,
hard,0546_ozinverter_ozinverterkicad,ozinverter_ozinverterkicad,mst_hard_first,25f266d4450841cb4b0f9bf1690d3cfeff83c4cbfd790f321187f07e0420e7fc,"[30, 32, 45, 29, 43, 42, 31, 28, 36, 41, 40, 22]","[30, 32, 45, 29, 43, 42, 31, 28, 36, 41, 40, 22]",True,12,0.0,False,12,False,12,12,False,1773.361867412819,1,406,48,24,24,"[{""net_id"": 30, ""action"": ""net_select"", ""success"": true, ""action_class"": ""valid_effective"", ""terminated"": false, ""truncated"": false}, {""net_id"": 30, ""action"": ""start_route"", ""success"": false, ""action_class"": ""valid_dispatch_fail"", ""terminated"": false, ""truncated"": false}, {""net_id"": 30, ""action"": ""make_line"", ""success"": false, ""action_class"": ""mask_reject"", ""terminated"": false, ""truncated"": false}, {""net_id"": 30, ""action"": ""net_end"", ""success"": true, ""action_class"": ""valid_effective"", ""terminated"": false, ""truncated"": false}, {""net_id"": 32, ""action"": ""net_select"", ""success"": true, ""action_class"": ""valid_effective"", ""terminated"": false, ""truncated"": false}, {""net_id"": 32, ""action"": ""start_route"", ""success"": false, ""action_class"": ""valid_dispatch_fail"", ""terminated"": false, ""truncated"": false}, {""net_id"": 32, ""action"": ""make_line"", ""success"": false, ""action_class"": ""mask_reject"", ""terminated"": false, ""truncated"": false}, {""net_id"": 32, ""action"": ""net_end"", ""success"": true, ""action_class"": ""valid_effective"", ""terminated"": false, ""truncated"": false}, {""net_id"": 45, ""action"": ""net_select"", ""success"": true, ""action_class"": ""valid_effective"", ""terminated"": false, ""truncated"": false}, {""net_id"": 45, ""action"": ""start_route"", ""success"": false, ""action_class"": ""valid_dispatch_fail"", ""terminated"": false, ""truncated"": false}, {""net_id"": 45, ""action"": ""make_line"", ""success"": false, ""action_class"": ""mask_reject"", ""terminated"": false, ""truncated"": false}, {""net_id"": 45, ""action"": ""net_end"", ""success"": true, ""action_class"": ""valid_effective"", ""terminated"": false, ""truncated"": false}, {""net_id"": 29, ""action"": ""net_select"", ""success"": true, ""action_class"": ""valid_effective"", ""terminated"": false, ""truncated"": false}, {""net_id"": 29, ""action"": ""start_route"", ""success"": false, ""action_class"": ""valid_dispatch_fail"", ""terminated"": false, ""truncated"": false}, {""net_id"": 29, ""action"": ""make_line"", ""success"": false, ""action_class"": ""mask_reject"", ""terminated"": false, ""truncated"": false}, {""net_id"": 29, ""action"": ""net_end"", ""success"": true, ""action_class"": ""valid_effective"", ""terminated"": false, ""truncated"": false}, {""net_id"": 43, ""action"": ""net_select"", ""success"": true, ""action_class"": ""valid_effective"", ""terminated"": false, ""truncated"": false}, {""net_id"": 43, ""action"": ""start_route"", ""success"": false, ""action_class"": ""valid_dispatch_fail"", ""terminated"": false, ""truncated"": false}, {""net_id"": 43, ""action"": ""make_line"", ""success"": false, ""action_class"": ""mask_reject"", ""terminated"": false, ""truncated"": false}, {""net_id"": 43, ""action"": ""net_end"", ""success"": true, ""action_class"": ""valid_effective"", ""terminated"": false, ""truncated"": false}, {""net_id"": 42, ""action"": ""net_select"", ""success"": true, ""action_class"": ""valid_effective"", ""terminated"": false, ""truncated"": false}, {""net_id"": 42, ""action"": ""start_route"", ""success"": false, ""action_class"": ""valid_dispatch_fail"", ""terminated"": false, ""truncated"": false}, {""net_id"": 42, ""action"": ""make_line"", ""success"": false, ""action_class"": ""mask_reject"", ""terminated"": false, ""truncated"": false}, {""net_id"": 42, ""action"": ""net_end"", ""success"": true, ""action_class"": ""valid_effective"", ""terminated"": false, ""truncated"": false}, {""net_id"": 31, ""action"": ""net_select"", ""success"": true, ""action_class"": ""valid_effective"", ""terminated"": false, ""truncated"": false}, {""net_id"": 31, ""action"": ""start_route"", ""success"": false, ""action_class"": ""valid_dispatch_fail"", ""terminated"": false, ""truncated"": false}, {""net_id"": 31, ""action"": ""make_line"", ""success"": false, ""action_class"": ""mask_reject"", ""terminated"": false, ""truncated"": false}, {""net_id"": 31, ""action"": ""net_end"", ""success"": true, ""action_class"": ""valid_effective"", ""terminated"": false, ""truncated"": false}, {""net_id"": 28, ""action"": ""net_select"", ""success"": true, ""action_class"": ""valid_effective"", ""terminated"": false, ""truncated"": false}, {""net_id"": 28, ""action"": ""start_route"", ""success"": false, ""action_class"": ""valid_dispatch_fail"", ""terminated"": false, ""truncated"": false}, {""net_id"": 28, ""action"": ""make_line"", ""success"": false, ""action_class"": ""mask_reject"", ""terminated"": false, ""truncated"": false}, {""net_id"": 28, ""action"": ""net_end"", ""success"": true, ""action_class"": ""valid_effective"", ""terminated"": false, ""truncated"": false}, {""net_id"": 36, ""action"": ""net_select"", ""success"": true, ""action_class"": ""valid_effective"", ""terminated"": false, ""truncated"": false}, {""net_id"": 36, ""action"": ""start_route"", ""success"": false, ""action_class"": ""valid_dispatch_fail"", ""terminated"": false, ""truncated"": false}, {""net_id"": 36, ""action"": ""make_line"", ""success"": false, ""action_class"": ""mask_reject"", ""terminated"": false, ""truncated"": false}, {""net_id"": 36, ""action"": ""net_end"", ""success"": true, ""action_class"": ""valid_effective"", ""terminated"": false, ""truncated"": false}, {""net_id"": 41, ""action"": ""net_select"", ""success"": true, ""action_class"": ""valid_effective"", ""terminated"": false, ""truncated"": false}, {""net_id"": 41, ""action"": ""start_route"", ""success"": false, ""action_class"": ""valid_dispatch_fail"", ""terminated"": false, ""truncated"": false}, {""net_id"": 41, ""action"": ""make_line"", ""success"": false, ""action_class"": ""mask_reject"", ""terminated"": false, ""truncated"": false}, {""net_id"": 41, ""action"": ""net_end"", ""success"": true, ""action_class"": ""valid_effective"", ""terminated"": false, ""truncated"": false}, {""net_id"": 40, ""action"": ""net_select"", ""success"": true, ""action_class"": ""valid_effective"", ""terminated"": false, ""truncated"": false}, {""net_id"": 40, ""action"": ""start_route"", ""success"": false, ""action_class"": ""valid_dispatch_fail"", ""terminated"": false, ""truncated"": false}, {""net_id"": 40, ""action"": ""make_line"", ""success"": false, ""action_class"": ""mask_reject"", ""terminated"": false, ""truncated"": false}, {""net_id"": 40, ""action"": ""net_end"", ""success"": true, ""action_class"": ""valid_effective"", ""terminated"": false, ""truncated"": false}, {""net_id"": 22, ""action"": ""net_select"", ""success"": true, ""action_class"": ""valid_effective"", ""terminated"": false, ""truncated"": false}, {""net_id"": 22, ""action"": ""start_route"", ""success"": false, ""action_class"": ""valid_dispatch_fail"", ""terminated"": false, ""truncated"": false}, {""net_id"": 22, ""action"": ""make_line"", ""success"": false, ""action_class"": ""mask_reject"", ""terminated"": false, ""truncated"": false}, {""net_id"": 22, ""action"": ""net_end"", ""success"": true, ""action_class"": ""valid_effective"", ""terminated"": true, ""truncated"": false}]",False,2.817015132000961,/content/routescout_phase8b_standalone/artifacts/routed_boards/0546_ozinverter_ozinverterkicad__mst_hard_first.kicad_pcb,2b1e054c3ac39fc57cadc85cec177b05594235ff97d7f83c4254933962856683,
hard,0546_ozinverter_ozinverterkicad,ozinverter_ozinverterkicad,natural,25f266d4450841cb4b0f9bf1690d3cfeff83c4cbfd790f321187f07e0420e7fc,"[22, 28, 29, 30, 31, 32, 36, 40, 41, 42, 43, 45]","[22, 28, 29, 30, 31, 32, 36, 40, 41, 42, 43, 45]",True,12,0.0,False,12,False,12,12,False,1773.361867412819,1,406,48,24,24,"[{""net_id"": 22, ""action"": ""net_select"", ""success"": true, ""action_class"": ""valid_effective"", ""terminated"": false, ""truncated"": false}, {""net_id"": 22, ""action"": ""start_route"", ""success"": false, ""action_class"": ""valid_dispatch_fail"", ""terminated"": false, ""truncated"": false}, {""net_id"": 22, ""action"": ""make_line"", ""success"": false, ""action_class"": ""mask_reject"", ""terminated"": false, ""truncated"": false}, {""net_id"": 22, ""action"": ""net_end"", ""success"": true, ""action_class"": ""valid_effective"", ""terminated"": false, ""truncated"": false}, {""net_id"": 28, ""action"": ""net_select"", ""success"": true, ""action_class"": ""valid_effective"", ""terminated"": false, ""truncated"": false}, {""net_id"": 28, ""action"": ""start_route"", ""success"": false, ""action_class"": ""valid_dispatch_fail"", ""terminated"": false, ""truncated"": false}, {""net_id"": 28, ""action"": ""make_line"", ""success"": false, ""action_class"": ""mask_reject"", ""terminated"": false, ""truncated"": false}, {""net_id"": 28, ""action"": ""net_end"", ""success"": true, ""action_class"": ""valid_effective"", ""terminated"": false, ""truncated"": false}, {""net_id"": 29, ""action"": ""net_select"", ""success"": true, ""action_class"": ""valid_effective"", ""terminated"": false, ""truncated"": false}, {""net_id"": 29, ""action"": ""start_route"", ""success"": false, ""action_class"": ""valid_dispatch_fail"", ""terminated"": false, ""truncated"": false}, {""net_id"": 29, ""action"": ""make_line"", ""success"": false, ""action_class"": ""mask_reject"", ""terminated"": false, ""truncated"": false}, {""net_id"": 29, ""action"": ""net_end"", ""success"": true, ""action_class"": ""valid_effective"", ""terminated"": false, ""truncated"": false}, {""net_id"": 30, ""action"": ""net_select"", ""success"": true, ""action_class"": ""valid_effective"", ""terminated"": false, ""truncated"": false}, {""net_id"": 30, ""action"": ""start_route"", ""success"": false, ""action_class"": ""valid_dispatch_fail"", ""terminated"": false, ""truncated"": false}, {""net_id"": 30, ""action"": ""make_line"", ""success"": false, ""action_class"": ""mask_reject"", ""terminated"": false, ""truncated"": false}, {""net_id"": 30, ""action"": ""net_end"", ""success"": true, ""action_class"": ""valid_effective"", ""terminated"": false, ""truncated"": false}, {""net_id"": 31, ""action"": ""net_select"", ""success"": true, ""action_class"": ""valid_effective"", ""terminated"": false, ""truncated"": false}, {""net_id"": 31, ""action"": ""start_route"", ""success"": false, ""action_class"": ""valid_dispatch_fail"", ""terminated"": false, ""truncated"": false}, {""net_id"": 31, ""action"": ""make_line"", ""success"": false, ""action_class"": ""mask_reject"", ""terminated"": false, ""truncated"": false}, {""net_id"": 31, ""action"": ""net_end"", ""success"": true, ""action_class"": ""valid_effective"", ""terminated"": false, ""truncated"": false}, {""net_id"": 32, ""action"": ""net_select"", ""success"": true, ""action_class"": ""valid_effective"", ""terminated"": false, ""truncated"": false}, {""net_id"": 32, ""action"": ""start_route"", ""success"": false, ""action_class"": ""valid_dispatch_fail"", ""terminated"": false, ""truncated"": false}, {""net_id"": 32, ""action"": ""make_line"", ""success"": false, ""action_class"": ""mask_reject"", ""terminated"": false, ""truncated"": false}, {""net_id"": 32, ""action"": ""net_end"", ""success"": true, ""action_class"": ""valid_effective"", ""terminated"": false, ""truncated"": false}, {""net_id"": 36, ""action"": ""net_select"", ""success"": true, ""action_class"": ""valid_effective"", ""terminated"": false, ""truncated"": false}, {""net_id"": 36, ""action"": ""start_route"", ""success"": false, ""action_class"": ""valid_dispatch_fail"", ""terminated"": false, ""truncated"": false}, {""net_id"": 36, ""action"": ""make_line"", ""success"": false, ""action_class"": ""mask_reject"", ""terminated"": false, ""truncated"": false}, {""net_id"": 36, ""action"": ""net_end"", ""success"": true, ""action_class"": ""valid_effective"", ""terminated"": false, ""truncated"": false}, {""net_id"": 40, ""action"": ""net_select"", ""success"": true, ""action_class"": ""valid_effective"", ""terminated"": false, ""truncated"": false}, {""net_id"": 40, ""action"": ""start_route"", ""success"": false, ""action_class"": ""valid_dispatch_fail"", ""terminated"": false, ""truncated"": false}, {""net_id"": 40, ""action"": ""make_line"", ""success"": false, ""action_class"": ""mask_reject"", ""terminated"": false, ""truncated"": false}, {""net_id"": 40, ""action"": ""net_end"", ""success"": true, ""action_class"": ""valid_effective"", ""terminated"": false, ""truncated"": false}, {""net_id"": 41, ""action"": ""net_select"", ""success"": true, ""action_class"": ""valid_effective"", ""terminated"": false, ""truncated"": false}, {""net_id"": 41, ""action"": ""start_route"", ""success"": false, ""action_class"": ""valid_dispatch_fail"", ""terminated"": false, ""truncated"": false}, {""net_id"": 41, ""action"": ""make_line"", ""success"": false, ""action_class"": ""mask_reject"", ""terminated"": false, ""truncated"": false}, {""net_id"": 41, ""action"": ""net_end"", ""success"": true, ""action_class"": ""valid_effective"", ""terminated"": false, ""truncated"": false}, {""net_id"": 42, ""action"": ""net_select"", ""success"": true, ""action_class"": ""valid_effective"", ""terminated"": false, ""truncated"": false}, {""net_id"": 42, ""action"": ""start_route"", ""success"": false, ""action_class"": ""valid_dispatch_fail"", ""terminated"": false, ""truncated"": false}, {""net_id"": 42, ""action"": ""make_line"", ""success"": false, ""action_class"": ""mask_reject"", ""terminated"": false, ""truncated"": false}, {""net_id"": 42, ""action"": ""net_end"", ""success"": true, ""action_class"": ""valid_effective"", ""terminated"": false, ""truncated"": false}, {""net_id"": 43, ""action"": ""net_select"", ""success"": true, ""action_class"": ""valid_effective"", ""terminated"": false, ""truncated"": false}, {""net_id"": 43, ""action"": ""start_route"", ""success"": false, ""action_class"": ""valid_dispatch_fail"", ""terminated"": false, ""truncated"": false}, {""net_id"": 43, ""action"": ""make_line"", ""success"": false, ""action_class"": ""mask_reject"", ""terminated"": false, ""truncated"": false}, {""net_id"": 43, ""action"": ""net_end"", ""success"": true, ""action_class"": ""valid_effective"", ""terminated"": false, ""truncated"": false}, {""net_id"": 45, ""action"": ""net_select"", ""success"": true, ""action_class"": ""valid_effective"", ""terminated"": false, ""truncated"": false}, {""net_id"": 45, ""action"": ""start_route"", ""success"": false, ""action_class"": ""valid_dispatch_fail"", ""terminated"": false, ""truncated"": false}, {""net_id"": 45, ""action"": ""make_line"", ""success"": false, ""action_class"": ""mask_reject"", ""terminated"": false, ""truncated"": false}, {""net_id"": 45, ""action"": ""net_end"", ""success"": true, ""action_class"": ""valid_effective"", ""terminated"": true, ""truncated"": false}]",False,3.8483411759989394,/content/routescout_phase8b_standalone/artifacts/routed_boards/0546_ozinverter_ozinverterkicad__natural.kicad_pcb,2b1e054c3ac39fc57cadc85cec177b05594235ff97d7f83c4254933962856683,
hard,0571_Brushless_ESC_Brushless_ESC,Brushless_ESC_Brushless_ESC,mst_easy_first,3a66518e33d19f5e3f789c15f0b2f051770da1f87f5f641b0030411b099fb9a4,"[49, 19, 21, 23, 40, 20, 22, 24, 46, 28, 32, 34]","[49, 19, 21, 23, 40, 20, 22, 24, 46, 28, 32, 34]",True,12,0.75,False,3,False,3,3,False,1364.187974473971,48,789,48,45,3,"[{""net_id"": 49, ""action"": ""net_select"", ""success"": true, ""action_class"": ""valid_effective"", ""terminated"": false, ""truncated"": false}, {""net_id"": 49, ""action"": ""start_route"", ""success"": true, ""action_class"": ""valid_effective"", ""terminated"": false, ""truncated"": false}, {""net_id"": 49, ""action"": ""make_line"", ""success"": true, ""action_class"": ""valid_effective"", ""terminated"": false, ""truncated"": false}, {""net_id"": 49, ""action"": ""net_end"", ""success"": true, ""action_class"": ""valid_effective"", ""terminated"": false, ""truncated"": false}, {""net_id"": 19, ""action"": ""net_select"", ""success"": true, ""action_class"": ""valid_effective"", ""terminated"": false, ""truncated"": false}, {""net_id"": 19, ""action"": ""start_route"", ""success"": true, ""action_class"": ""valid_effective"", ""terminated"": false, ""truncated"": false}, {""net_id"": 19, ""action"": ""make_line"", ""success"": true, ""action_class"": ""valid_effective"", ""terminated"": false, ""truncated"": false}, {""net_id"": 19, ""action"": ""net_end"", ""success"": true, ""action_class"": ""valid_effective"", ""terminated"": false, ""truncated"": false}, {""net_id"": 21, ""action"": ""net_select"", ""success"": true, ""action_class"": ""valid_effective"", ""terminated"": false, ""truncated"": false}, {""net_id"": 21, ""action"": ""start_route"", ""success"": true, ""action_class"": ""valid_effective"", ""terminated"": false, ""truncated"": false}, {""net_id"": 21, ""action"": ""make_line"", ""success"": true, ""action_class"": ""valid_effective"", ""terminated"": false, ""truncated"": false}, {""net_id"": 21, ""action"": ""net_end"", ""success"": true, ""action_class"": ""valid_effective"", ""terminated"": false, ""truncated"": false}, {""net_id"": 23, ""action"": ""net_select"", ""success"": true, ""action_class"": ""valid_effective"", ""terminated"": false, ""truncated"": false}, {""net_id"": 23, ""action"": ""start_route"", ""success"": true, ""action_class"": ""valid_effective"", ""terminated"": false, ""truncated"": false}, {""net_id"": 23, ""action"": ""make_line"", ""success"": true, ""action_class"": ""valid_effective"", ""terminated"": false, ""truncated"": false}, {""net_id"": 23, ""action"": ""net_end"", ""success"": true, ""action_class"": ""valid_effective"", ""terminated"": false, ""truncated"": false}, {""net_id"": 40, ""action"": ""net_select"", ""success"": true, ""action_class"": ""valid_effective"", ""terminated"": false, ""truncated"": false}, {""net_id"": 40, ""action"": ""start_route"", ""success"": true, ""action_class"": ""valid_effective"", ""terminated"": false, ""truncated"": false}, {""net_id"": 40, ""action"": ""make_line"", ""success"": true, ""action_class"": ""valid_effective"", ""terminated"": false, ""truncated"": false}, {""net_id"": 40, ""action"": ""net_end"", ""success"": true, ""action_class"": ""valid_effective"", ""terminated"": false, ""truncated"": false}, {""net_id"": 20, ""action"": ""net_select"", ""success"": true, ""action_class"": ""valid_effective"", ""terminated"": false, ""truncated"": false}, {""net_id"": 20, ""action"": ""start_route"", ""success"": true, ""action_class"": ""valid_effective"", ""terminated"": false, ""truncated"": false}, {""net_id"": 20, ""action"": ""make_line"", ""success"": true, ""action_class"": ""valid_effective"", ""terminated"": false, ""truncated"": false}, {""net_id"": 20, ""action"": ""net_end"", ""success"": true, ""action_class"": ""valid_effective"", ""terminated"": false, ""truncated"": false}, {""net_id"": 22, ""action"": ""net_select"", ""success"": true, ""action_class"": ""valid_effective"", ""terminated"": false, ""truncated"": false}, {""net_id"": 22, ""action"": ""start_route"", ""success"": true, ""action_class"": ""valid_effective"", ""terminated"": false, ""truncated"": false}, {""net_id"": 22, ""action"": ""make_line"", ""success"": true, ""action_class"": ""valid_effective"", ""terminated"": false, ""truncated"": false}, {""net_id"": 22, ""action"": ""net_end"", ""success"": true, ""action_class"": ""valid_effective"", ""terminated"": false, ""truncated"": false}, {""net_id"": 24, ""action"": ""net_select"", ""success"": true, ""action_class"": ""valid_effective"", ""terminated"": false, ""truncated"": false}, {""net_id"": 24, ""action"": ""start_route"", ""success"": true, ""action_class"": ""valid_effective"", ""terminated"": false, ""truncated"": false}, {""net_id"": 24, ""action"": ""make_line"", ""success"": true, ""action_class"": ""valid_effective"", ""terminated"": false, ""truncated"": false}, {""net_id"": 24, ""action"": ""net_end"", ""success"": true, ""action_class"": ""valid_effective"", ""terminated"": false, ""truncated"": false}, {""net_id"": 46, ""action"": ""net_select"", ""success"": true, ""action_class"": ""valid_effective"", ""terminated"": false, ""truncated"": false}, {""net_id"": 46, ""action"": ""start_route"", ""success"": true, ""action_class"": ""valid_effective"", ""terminated"": false, ""truncated"": false}, {""net_id"": 46, ""action"": ""make_line"", ""success"": true, ""action_class"": ""valid_effective"", ""terminated"": false, ""truncated"": false}, {""net_id"": 46, ""action"": ""net_end"", ""success"": true, ""action_class"": ""valid_effective"", ""terminated"": false, ""truncated"": false}, {""net_id"": 28, ""action"": ""net_select"", ""success"": true, ""action_class"": ""valid_effective"", ""terminated"": false, ""truncated"": false}, {""net_id"": 28, ""action"": ""start_route"", ""success"": true, ""action_class"": ""valid_effective"", ""terminated"": false, ""truncated"": false}, {""net_id"": 28, ""action"": ""make_line"", ""success"": false, ""action_class"": ""valid_dispatch_fail"", ""terminated"": false, ""truncated"": false}, {""net_id"": 28, ""action"": ""net_end"", ""success"": true, ""action_class"": ""valid_effective"", ""terminated"": false, ""truncated"": false}, {""net_id"": 32, ""action"": ""net_select"", ""success"": true, ""action_class"": ""valid_effective"", ""terminated"": false, ""truncated"": false}, {""net_id"": 32, ""action"": ""start_route"", ""success"": true, ""action_class"": ""valid_effective"", ""terminated"": false, ""truncated"": false}, {""net_id"": 32, ""action"": ""make_line"", ""success"": false, ""action_class"": ""valid_dispatch_fail"", ""terminated"": false, ""truncated"": false}, {""net_id"": 32, ""action"": ""net_end"", ""success"": true, ""action_class"": ""valid_effective"", ""terminated"": false, ""truncated"": false}, {""net_id"": 34, ""action"": ""net_select"", ""success"": true, ""action_class"": ""valid_effective"", ""terminated"": false, ""truncated"": false}, {""net_id"": 34, ""action"": ""start_route"", ""success"": true, ""action_class"": ""valid_effective"", ""terminated"": false, ""truncated"": false}, {""net_id"": 34, ""action"": ""make_line"", ""success"": false, ""action_class"": ""valid_dispatch_fail"", ""terminated"": false, ""truncated"": false}, {""net_id"": 34, ""action"": ""net_end"", ""success"": true, ""action_class"": ""valid_effective"", ""terminated"": true, ""truncated"": false}]",False,8.584596646998762,/content/routescout_phase8b_standalone/artifacts/routed_boards/0571_Brushless_ESC_Brushless_ESC__mst_easy_first.kicad_pcb,115889eac7f3e4275e7b8f09151ba92940046a9784a0e42ada74da96239033ff,
hard,0571_Brushless_ESC_Brushless_ESC,Brushless_ESC_Brushless_ESC,mst_hard_first,3a66518e33d19f5e3f789c15f0b2f051770da1f87f5f641b0030411b099fb9a4,"[34, 32, 28, 46, 24, 22, 20, 40, 23, 21, 19, 49]","[34, 32, 28, 46, 24, 22, 20, 40, 23, 21, 19, 49]",True,12,0.75,False,3,False,3,3,False,1364.187974473971,48,789,48,45,3,"[{""net_id"": 34, ""action"": ""net_select"", ""success"": true, ""action_class"": ""valid_effective"", ""terminated"": false, ""truncated"": false}, {""net_id"": 34, ""action"": ""start_route"", ""success"": true, ""action_class"": ""valid_effective"", ""terminated"": false, ""truncated"": false}, {""net_id"": 34, ""action"": ""make_line"", ""success"": false, ""action_class"": ""valid_dispatch_fail"", ""terminated"": false, ""truncated"": false}, {""net_id"": 34, ""action"": ""net_end"", ""success"": true, ""action_class"": ""valid_effective"", ""terminated"": false, ""truncated"": false}, {""net_id"": 32, ""action"": ""net_select"", ""success"": true, ""action_class"": ""valid_effective"", ""terminated"": false, ""truncated"": false}, {""net_id"": 32, ""action"": ""start_route"", ""success"": true, ""action_class"": ""valid_effective"", ""terminated"": false, ""truncated"": false}, {""net_id"": 32, ""action"": ""make_line"", ""success"": false, ""action_class"": ""valid_dispatch_fail"", ""terminated"": false, ""truncated"": false}, {""net_id"": 32, ""action"": ""net_end"", ""success"": true, ""action_class"": ""valid_effective"", ""terminated"": false, ""truncated"": false}, {""net_id"": 28, ""action"": ""net_select"", ""success"": true, ""action_class"": ""valid_effective"", ""terminated"": false, ""truncated"": false}, {""net_id"": 28, ""action"": ""start_route"", ""success"": true, ""action_class"": ""valid_effective"", ""terminated"": false, ""truncated"": false}, {""net_id"": 28, ""action"": ""make_line"", ""success"": false, ""action_class"": ""valid_dispatch_fail"", ""terminated"": false, ""truncated"": false}, {""net_id"": 28, ""action"": ""net_end"", ""success"": true, ""action_class"": ""valid_effective"", ""terminated"": false, ""truncated"": false}, {""net_id"": 46, ""action"": ""net_select"", ""success"": true, ""action_class"": ""valid_effective"", ""terminated"": false, ""truncated"": false}, {""net_id"": 46, ""action"": ""start_route"", ""success"": true, ""action_class"": ""valid_effective"", ""terminated"": false, ""truncated"": false}, {""net_id"": 46, ""action"": ""make_line"", ""success"": true, ""action_class"": ""valid_effective"", ""terminated"": false, ""truncated"": false}, {""net_id"": 46, ""action"": ""net_end"", ""success"": true, ""action_class"": ""valid_effective"", ""terminated"": false, ""truncated"": false}, {""net_id"": 24, ""action"": ""net_select"", ""success"": true, ""action_class"": ""valid_effective"", ""terminated"": false, ""truncated"": false}, {""net_id"": 24, ""action"": ""start_route"", ""success"": true, ""action_class"": ""valid_effective"", ""terminated"": false, ""truncated"": false}, {""net_id"": 24, ""action"": ""make_line"", ""success"": true, ""action_class"": ""valid_effective"", ""terminated"": false, ""truncated"": false}, {""net_id"": 24, ""action"": ""net_end"", ""success"": true, ""action_class"": ""valid_effective"", ""terminated"": false, ""truncated"": false}, {""net_id"": 22, ""action"": ""net_select"", ""success"": true, ""action_class"": ""valid_effective"", ""terminated"": false, ""truncated"": false}, {""net_id"": 22, ""action"": ""start_route"", ""success"": true, ""action_class"": ""valid_effective"", ""terminated"": false, ""truncated"": false}, {""net_id"": 22, ""action"": ""make_line"", ""success"": true, ""action_class"": ""valid_effective"", ""terminated"": false, ""truncated"": false}, {""net_id"": 22, ""action"": ""net_end"", ""success"": true, ""action_class"": ""valid_effective"", ""terminated"": false, ""truncated"": false}, {""net_id"": 20, ""action"": ""net_select"", ""success"": true, ""action_class"": ""valid_effective"", ""terminated"": false, ""truncated"": false}, {""net_id"": 20, ""action"": ""start_route"", ""success"": true, ""action_class"": ""valid_effective"", ""terminated"": false, ""truncated"": false}, {""net_id"": 20, ""action"": ""make_line"", ""success"": true, ""action_class"": ""valid_effective"", ""terminated"": false, ""truncated"": false}, {""net_id"": 20, ""action"": ""net_end"", ""success"": true, ""action_class"": ""valid_effective"", ""terminated"": false, ""truncated"": false}, {""net_id"": 40, ""action"": ""net_select"", ""success"": true, ""action_class"": ""valid_effective"", ""terminated"": false, ""truncated"": false}, {""net_id"": 40, ""action"": ""start_route"", ""success"": true, ""action_class"": ""valid_effective"", ""terminated"": false, ""truncated"": false}, {""net_id"": 40, ""action"": ""make_line"", ""success"": true, ""action_class"": ""valid_effective"", ""terminated"": false, ""truncated"": false}, {""net_id"": 40, ""action"": ""net_end"", ""success"": true, ""action_class"": ""valid_effective"", ""terminated"": false, ""truncated"": false}, {""net_id"": 23, ""action"": ""net_select"", ""success"": true, ""action_class"": ""valid_effective"", ""terminated"": false, ""truncated"": false}, {""net_id"": 23, ""action"": ""start_route"", ""success"": true, ""action_class"": ""valid_effective"", ""terminated"": false, ""truncated"": false}, {""net_id"": 23, ""action"": ""make_line"", ""success"": true, ""action_class"": ""valid_effective"", ""terminated"": false, ""truncated"": false}, {""net_id"": 23, ""action"": ""net_end"", ""success"": true, ""action_class"": ""valid_effective"", ""terminated"": false, ""truncated"": false}, {""net_id"": 21, ""action"": ""net_select"", ""success"": true, ""action_class"": ""valid_effective"", ""terminated"": false, ""truncated"": false}, {""net_id"": 21, ""action"": ""start_route"", ""success"": true, ""action_class"": ""valid_effective"", ""terminated"": false, ""truncated"": false}, {""net_id"": 21, ""action"": ""make_line"", ""success"": true, ""action_class"": ""valid_effective"", ""terminated"": false, ""truncated"": false}, {""net_id"": 21, ""action"": ""net_end"", ""success"": true, ""action_class"": ""valid_effective"", ""terminated"": false, ""truncated"": false}, {""net_id"": 19, ""action"": ""net_select"", ""success"": true, ""action_class"": ""valid_effective"", ""terminated"": false, ""truncated"": false}, {""net_id"": 19, ""action"": ""start_route"", ""success"": true, ""action_class"": ""valid_effective"", ""terminated"": false, ""truncated"": false}, {""net_id"": 19, ""action"": ""make_line"", ""success"": true, ""action_class"": ""valid_effective"", ""terminated"": false, ""truncated"": false}, {""net_id"": 19, ""action"": ""net_end"", ""success"": true, ""action_class"": ""valid_effective"", ""terminated"": false, ""truncated"": false}, {""net_id"": 49, ""action"": ""net_select"", ""success"": true, ""action_class"": ""valid_effective"", ""terminated"": false, ""truncated"": false}, {""net_id"": 49, ""action"": ""start_route"", ""success"": true, ""action_class"": ""valid_effective"", ""terminated"": false, ""truncated"": false}, {""net_id"": 49, ""action"": ""make_line"", ""success"": true, ""action_class"": ""valid_effective"", ""terminated"": false, ""truncated"": false}, {""net_id"": 49, ""action"": ""net_end"", ""success"": true, ""action_class"": ""valid_effective"", ""terminated"": true, ""truncated"": false}]",False,8.363068898001075,/content/routescout_phase8b_standalone/artifacts/routed_boards/0571_Brushless_ESC_Brushless_ESC__mst_hard_first.kicad_pcb,4985bffc7535064520a8c1cf37e0c3013b91370506eb1e3bbb41288a1d533171,
hard,0571_Brushless_ESC_Brushless_ESC,Brushless_ESC_Brushless_ESC,natural,3a66518e33d19f5e3f789c15f0b2f051770da1f87f5f641b0030411b099fb9a4,"[19, 20, 21, 22, 23, 24, 28, 32, 34, 40, 46, 49]","[19, 20, 21, 22, 23, 24, 28, 32, 34, 40, 46, 49]",True,12,0.75,False,3,False,3,3,False,1364.187974473971,48,789,48,45,3,"[{""net_id"": 19, ""action"": ""net_select"", ""success"": true, ""action_class"": ""valid_effective"", ""terminated"": false, ""truncated"": false}, {""net_id"": 19, ""action"": ""start_route"", ""success"": true, ""action_class"": ""valid_effective"", ""terminated"": false, ""truncated"": false}, {""net_id"": 19, ""action"": ""make_line"", ""success"": true, ""action_class"": ""valid_effective"", ""terminated"": false, ""truncated"": false}, {""net_id"": 19, ""action"": ""net_end"", ""success"": true, ""action_class"": ""valid_effective"", ""terminated"": false, ""truncated"": false}, {""net_id"": 20, ""action"": ""net_select"", ""success"": true, ""action_class"": ""valid_effective"", ""terminated"": false, ""truncated"": false}, {""net_id"": 20, ""action"": ""start_route"", ""success"": true, ""action_class"": ""valid_effective"", ""terminated"": false, ""truncated"": false}, {""net_id"": 20, ""action"": ""make_line"", ""success"": true, ""action_class"": ""valid_effective"", ""terminated"": false, ""truncated"": false}, {""net_id"": 20, ""action"": ""net_end"", ""success"": true, ""action_class"": ""valid_effective"", ""terminated"": false, ""truncated"": false}, {""net_id"": 21, ""action"": ""net_select"", ""success"": true, ""action_class"": ""valid_effective"", ""terminated"": false, ""truncated"": false}, {""net_id"": 21, ""action"": ""start_route"", ""success"": true, ""action_class"": ""valid_effective"", ""terminated"": false, ""truncated"": false}, {""net_id"": 21, ""action"": ""make_line"", ""success"": true, ""action_class"": ""valid_effective"", ""terminated"": false, ""truncated"": false}, {""net_id"": 21, ""action"": ""net_end"", ""success"": true, ""action_class"": ""valid_effective"", ""terminated"": false, ""truncated"": false}, {""net_id"": 22, ""action"": ""net_select"", ""success"": true, ""action_class"": ""valid_effective"", ""terminated"": false, ""truncated"": false}, {""net_id"": 22, ""action"": ""start_route"", ""success"": true, ""action_class"": ""valid_effective"", ""terminated"": false, ""truncated"": false}, {""net_id"": 22, ""action"": ""make_line"", ""success"": true, ""action_class"": ""valid_effective"", ""terminated"": false, ""truncated"": false}, {""net_id"": 22, ""action"": ""net_end"", ""success"": true, ""action_class"": ""valid_effective"", ""terminated"": false, ""truncated"": false}, {""net_id"": 23, ""action"": ""net_select"", ""success"": true, ""action_class"": ""valid_effective"", ""terminated"": false, ""truncated"": false}, {""net_id"": 23, ""action"": ""start_route"", ""success"": true, ""action_class"": ""valid_effective"", ""terminated"": false, ""truncated"": false}, {""net_id"": 23, ""action"": ""make_line"", ""success"": true, ""action_class"": ""valid_effective"", ""terminated"": false, ""truncated"": false}, {""net_id"": 23, ""action"": ""net_end"", ""success"": true, ""action_class"": ""valid_effective"", ""terminated"": false, ""truncated"": false}, {""net_id"": 24, ""action"": ""net_select"", ""success"": true, ""action_class"": ""valid_effective"", ""terminated"": false, ""truncated"": false}, {""net_id"": 24, ""action"": ""start_route"", ""success"": true, ""action_class"": ""valid_effective"", ""terminated"": false, ""truncated"": false}, {""net_id"": 24, ""action"": ""make_line"", ""success"": true, ""action_class"": ""valid_effective"", ""terminated"": false, ""truncated"": false}, {""net_id"": 24, ""action"": ""net_end"", ""success"": true, ""action_class"": ""valid_effective"", ""terminated"": false, ""truncated"": false}, {""net_id"": 28, ""action"": ""net_select"", ""success"": true, ""action_class"": ""valid_effective"", ""terminated"": false, ""truncated"": false}, {""net_id"": 28, ""action"": ""start_route"", ""success"": true, ""action_class"": ""valid_effective"", ""terminated"": false, ""truncated"": false}, {""net_id"": 28, ""action"": ""make_line"", ""success"": false, ""action_class"": ""valid_dispatch_fail"", ""terminated"": false, ""truncated"": false}, {""net_id"": 28, ""action"": ""net_end"", ""success"": true, ""action_class"": ""valid_effective"", ""terminated"": false, ""truncated"": false}, {""net_id"": 32, ""action"": ""net_select"", ""success"": true, ""action_class"": ""valid_effective"", ""terminated"": false, ""truncated"": false}, {""net_id"": 32, ""action"": ""start_route"", ""success"": true, ""action_class"": ""valid_effective"", ""terminated"": false, ""truncated"": false}, {""net_id"": 32, ""action"": ""make_line"", ""success"": false, ""action_class"": ""valid_dispatch_fail"", ""terminated"": false, ""truncated"": false}, {""net_id"": 32, ""action"": ""net_end"", ""success"": true, ""action_class"": ""valid_effective"", ""terminated"": false, ""truncated"": false}, {""net_id"": 34, ""action"": ""net_select"", ""success"": true, ""action_class"": ""valid_effective"", ""terminated"": false, ""truncated"": false}, {""net_id"": 34, ""action"": ""start_route"", ""success"": true, ""action_class"": ""valid_effective"", ""terminated"": false, ""truncated"": false}, {""net_id"": 34, ""action"": ""make_line"", ""success"": false, ""action_class"": ""valid_dispatch_fail"", ""terminated"": false, ""truncated"": false}, {""net_id"": 34, ""action"": ""net_end"", ""success"": true, ""action_class"": ""valid_effective"", ""terminated"": false, ""truncated"": false}, {""net_id"": 40, ""action"": ""net_select"", ""success"": true, ""action_class"": ""valid_effective"", ""terminated"": false, ""truncated"": false}, {""net_id"": 40, ""action"": ""start_route"", ""success"": true, ""action_class"": ""valid_effective"", ""terminated"": false, ""truncated"": false}, {""net_id"": 40, ""action"": ""make_line"", ""success"": true, ""action_class"": ""valid_effective"", ""terminated"": false, ""truncated"": false}, {""net_id"": 40, ""action"": ""net_end"", ""success"": true, ""action_class"": ""valid_effective"", ""terminated"": false, ""truncated"": false}, {""net_id"": 46, ""action"": ""net_select"", ""success"": true, ""action_class"": ""valid_effective"", ""terminated"": false, ""truncated"": false}, {""net_id"": 46, ""action"": ""start_route"", ""success"": true, ""action_class"": ""valid_effective"", ""terminated"": false, ""truncated"": false}, {""net_id"": 46, ""action"": ""make_line"", ""success"": true, ""action_class"": ""valid_effective"", ""terminated"": false, ""truncated"": false}, {""net_id"": 46, ""action"": ""net_end"", ""success"": true, ""action_class"": ""valid_effective"", ""terminated"": false, ""truncated"": false}, {""net_id"": 49, ""action"": ""net_select"", ""success"": true, ""action_class"": ""valid_effective"", ""terminated"": false, ""truncated"": false}, {""net_id"": 49, ""action"": ""start_route"", ""success"": true, ""action_class"": ""valid_effective"", ""terminated"": false, ""truncated"": false}, {""net_id"": 49, ""action"": ""make_line"", ""success"": true, ""action_class"": ""valid_effective"", ""terminated"": false, ""truncated"": false}, {""net_id"": 49, ""action"": ""net_end"", ""success"": true, ""action_class"": ""valid_effective"", ""terminated"": true, ""truncated"": false}]",False,7.590614474000176,/content/routescout_phase8b_standalone/artifacts/routed_boards/0571_Brushless_ESC_Brushless_ESC__natural.kicad_pcb,d7423c8f3e08cf76b7f684b7d93f32060f67ed7ab6bb53d4f90aecea481b5b96,
hard,0599_RGBMatrixPanelCPLD-PhotonBackpack_RGBMatrixPanel_CPLD,RGBMatrixPanelCPLD-PhotonBackpack_RGBMatrixPanel_CPLD,mst_easy_first,1dfdea24db7f4a3b6df0f6f0a3c833a3bf538c696a741fcfa5eeba9fb0f3194e,"[69, 71, 66, 65]","[69, 71, 66, 65]",True,4,0.043478260869565216,False,0,False,88,100,False,1272.7455259904743,16,472,16,16,0,"[{""net_id"": 69, ""action"": ""net_select"", ""success"": true, ""action_class"": ""valid_effective"", ""terminated"": false, ""truncated"": false}, {""net_id"": 69, ""action"": ""start_route"", ""success"": true, ""action_class"": ""valid_effective"", ""terminated"": false, ""truncated"": false}, {""net_id"": 69, ""action"": ""make_line"", ""success"": true, ""action_class"": ""valid_effective"", ""terminated"": false, ""truncated"": false}, {""net_id"": 69, ""action"": ""net_end"", ""success"": true, ""action_class"": ""valid_effective"", ""terminated"": false, ""truncated"": false}, {""net_id"": 71, ""action"": ""net_select"", ""success"": true, ""action_class"": ""valid_effective"", ""terminated"": false, ""truncated"": false}, {""net_id"": 71, ""action"": ""start_route"", ""success"": true, ""action_class"": ""valid_effective"", ""terminated"": false, ""truncated"": false}, {""net_id"": 71, ""action"": ""make_line"", ""success"": true, ""action_class"": ""valid_effective"", ""terminated"": false, ""truncated"": false}, {""net_id"": 71, ""action"": ""net_end"", ""success"": true, ""action_class"": ""valid_effective"", ""terminated"": false, ""truncated"": false}, {""net_id"": 66, ""action"": ""net_select"", ""success"": true, ""action_class"": ""valid_effective"", ""terminated"": false, ""truncated"": false}, {""net_id"": 66, ""action"": ""start_route"", ""success"": true, ""action_class"": ""valid_effective"", ""terminated"": false, ""truncated"": false}, {""net_id"": 66, ""action"": ""make_line"", ""success"": true, ""action_class"": ""valid_effective"", ""terminated"": false, ""truncated"": false}, {""net_id"": 66, ""action"": ""net_end"", ""success"": true, ""action_class"": ""valid_effective"", ""terminated"": false, ""truncated"": false}, {""net_id"": 65, ""action"": ""net_select"", ""success"": true, ""action_class"": ""valid_effective"", ""terminated"": false, ""truncated"": false}, {""net_id"": 65, ""action"": ""start_route"", ""success"": true, ""action_class"": ""valid_effective"", ""terminated"": false, ""truncated"": false}, {""net_id"": 65, ""action"": ""make_line"", ""success"": true, ""action_class"": ""valid_effective"", ""terminated"": true, ""truncated"": false}, {""net_id"": 65, ""action"": ""net_end"", ""success"": true, ""action_class"": ""valid_effective"", ""terminated"": true, ""truncated"": false}]",False,2.354778893999537,/content/routescout_phase8b_standalone/artifacts/routed_boards/0599_RGBMatrixPanelCPLD-PhotonBackpack_RGBMatrixPanel_CPLD__mst_easy_first.kicad_pcb,1106ce22c6338862548fb2ee11812a931332880673135b3b2510a157fed9a224,
hard,0599_RGBMatrixPanelCPLD-PhotonBackpack_RGBMatrixPanel_CPLD,RGBMatrixPanelCPLD-PhotonBackpack_RGBMatrixPanel_CPLD,mst_hard_first,1dfdea24db7f4a3b6df0f6f0a3c833a3bf538c696a741fcfa5eeba9fb0f3194e,"[65, 66, 71, 69]","[65, 66, 71, 69]",True,4,0.043478260869565216,False,0,False,88,100,False,1272.7455259904743,16,472,16,16,0,"[{""net_id"": 65, ""action"": ""net_select"", ""success"": true, ""action_class"": ""valid_effective"", ""terminated"": false, ""truncated"": false}, {""net_id"": 65, ""action"": ""start_route"", ""success"": true, ""action_class"": ""valid_effective"", ""terminated"": false, ""truncated"": false}, {""net_id"": 65, ""action"": ""make_line"", ""success"": true, ""action_class"": ""valid_effective"", ""terminated"": false, ""truncated"": false}, {""net_id"": 65, ""action"": ""net_end"", ""success"": true, ""action_class"": ""valid_effective"", ""terminated"": false, ""truncated"": false}, {""net_id"": 66, ""action"": ""net_select"", ""success"": true, ""action_class"": ""valid_effective"", ""terminated"": false, ""truncated"": false}, {""net_id"": 66, ""action"": ""start_route"", ""success"": true, ""action_class"": ""valid_effective"", ""terminated"": false, ""truncated"": false}, {""net_id"": 66, ""action"": ""make_line"", ""success"": true, ""action_class"": ""valid_effective"", ""terminated"": false, ""truncated"": false}, {""net_id"": 66, ""action"": ""net_end"", ""success"": true, ""action_class"": ""valid_effective"", ""terminated"": false, ""truncated"": false}, {""net_id"": 71, ""action"": ""net_select"", ""success"": true, ""action_class"": ""valid_effective"", ""terminated"": false, ""truncated"": false}, {""net_id"": 71, ""action"": ""start_route"", ""success"": true, ""action_class"": ""valid_effective"", ""terminated"": false, ""truncated"": false}, {""net_id"": 71, ""action"": ""make_line"", ""success"": true, ""action_class"": ""valid_effective"", ""terminated"": false, ""truncated"": false}, {""net_id"": 71, ""action"": ""net_end"", ""success"": true, ""action_class"": ""valid_effective"", ""terminated"": false, ""truncated"": false}, {""net_id"": 69, ""action"": ""net_select"", ""success"": true, ""action_class"": ""valid_effective"", ""terminated"": false, ""truncated"": false}, {""net_id"": 69, ""action"": ""start_route"", ""success"": true, ""action_class"": ""valid_effective"", ""terminated"": false, ""truncated"": false}, {""net_id"": 69, ""action"": ""make_line"", ""success"": true, ""action_class"": ""valid_effective"", ""terminated"": true, ""truncated"": false}, {""net_id"": 69, ""action"": ""net_end"", ""success"": true, ""action_class"": ""valid_effective"", ""terminated"": true, ""truncated"": false}]",False,2.3621468720011762,/content/routescout_phase8b_standalone/artifacts/routed_boards/0599_RGBMatrixPanelCPLD-PhotonBackpack_RGBMatrixPanel_CPLD__mst_hard_first.kicad_pcb,a735d58fac849dcf4cf1312dc3e8e51bcbe4d525e065072b3d16cbe69063ffb5,
hard,0599_RGBMatrixPanelCPLD-PhotonBackpack_RGBMatrixPanel_CPLD,RGBMatrixPanelCPLD-PhotonBackpack_RGBMatrixPanel_CPLD,natural,1dfdea24db7f4a3b6df0f6f0a3c833a3bf538c696a741fcfa5eeba9fb0f3194e,"[65, 66, 69, 71]","[65, 66, 69, 71]",True,4,0.043478260869565216,False,0,False,88,100,False,1272.7455259904743,16,472,16,16,0,"[{""net_id"": 65, ""action"": ""net_select"", ""success"": true, ""action_class"": ""valid_effective"", ""terminated"": false, ""truncated"": false}, {""net_id"": 65, ""action"": ""start_route"", ""success"": true, ""action_class"": ""valid_effective"", ""terminated"": false, ""truncated"": false}, {""net_id"": 65, ""action"": ""make_line"", ""success"": true, ""action_class"": ""valid_effective"", ""terminated"": false, ""truncated"": false}, {""net_id"": 65, ""action"": ""net_end"", ""success"": true, ""action_class"": ""valid_effective"", ""terminated"": false, ""truncated"": false}, {""net_id"": 66, ""action"": ""net_select"", ""success"": true, ""action_class"": ""valid_effective"", ""terminated"": false, ""truncated"": false}, {""net_id"": 66, ""action"": ""start_route"", ""success"": true, ""action_class"": ""valid_effective"", ""terminated"": false, ""truncated"": false}, {""net_id"": 66, ""action"": ""make_line"", ""success"": true, ""action_class"": ""valid_effective"", ""terminated"": false, ""truncated"": false}, {""net_id"": 66, ""action"": ""net_end"", ""success"": true, ""action_class"": ""valid_effective"", ""terminated"": false, ""truncated"": false}, {""net_id"": 69, ""action"": ""net_select"", ""success"": true, ""action_class"": ""valid_effective"", ""terminated"": false, ""truncated"": false}, {""net_id"": 69, ""action"": ""start_route"", ""success"": true, ""action_class"": ""valid_effective"", ""terminated"": false, ""truncated"": false}, {""net_id"": 69, ""action"": ""make_line"", ""success"": true, ""action_class"": ""valid_effective"", ""terminated"": false, ""truncated"": false}, {""net_id"": 69, ""action"": ""net_end"", ""success"": true, ""action_class"": ""valid_effective"", ""terminated"": false, ""truncated"": false}, {""net_id"": 71, ""action"": ""net_select"", ""success"": true, ""action_class"": ""valid_effective"", ""terminated"": false, ""truncated"": false}, {""net_id"": 71, ""action"": ""start_route"", ""success"": true, ""action_class"": ""valid_effective"", ""terminated"": false, ""truncated"": false}, {""net_id"": 71, ""action"": ""make_line"", ""success"": true, ""action_class"": ""valid_effective"", ""terminated"": true, ""truncated"": false}, {""net_id"": 71, ""action"": ""net_end"", ""success"": true, ""action_class"": ""valid_effective"", ""terminated"": true, ""truncated"": false}]",False,3.3202089660007914,/content/routescout_phase8b_standalone/artifacts/routed_boards/0599_RGBMatrixPanelCPLD-PhotonBackpack_RGBMatrixPanel_CPLD__natural.kicad_pcb,b4cb0c324757ac075b6c47f3f5636c63ecdb84ad62041037ed6073ef26c2275b,
hard,0626_TOBS_HybridChargeController,TOBS_HybridChargeController,mst_easy_first,67a718c026d1350321d0ea9d48a902867fa316d770597da8b53b67b002030369,"[28, 53, 9, 33, 18, 19, 17, 8, 55, 13, 49, 7]","[28, 53, 9, 33, 18, 19, 17, 8, 55, 13, 49, 7]",True,12,0.16666666666666666,False,10,False,10,10,False,2361.344000236782,97,927,48,30,18,"[{""net_id"": 28, ""action"": ""net_select"", ""success"": true, ""action_class"": ""valid_effective"", ""terminated"": false, ""truncated"": false}, {""net_id"": 28, ""action"": ""start_route"", ""success"": true, ""action_class"": ""valid_effective"", ""terminated"": false, ""truncated"": false}, {""net_id"": 28, ""action"": ""make_line"", ""success"": true, ""action_class"": ""valid_effective"", ""terminated"": false, ""truncated"": false}, {""net_id"": 28, ""action"": ""net_end"", ""success"": true, ""action_class"": ""valid_effective"", ""terminated"": false, ""truncated"": false}, {""net_id"": 53, ""action"": ""net_select"", ""success"": true, ""action_class"": ""valid_effective"", ""terminated"": false, ""truncated"": false}, {""net_id"": 53, ""action"": ""start_route"", ""success"": true, ""action_class"": ""valid_effective"", ""terminated"": false, ""truncated"": false}, {""net_id"": 53, ""action"": ""make_line"", ""success"": true, ""action_class"": ""valid_effective"", ""terminated"": false, ""truncated"": false}, {""net_id"": 53, ""action"": ""net_end"", ""success"": true, ""action_class"": ""valid_effective"", ""terminated"": false, ""truncated"": false}, {""net_id"": 9, ""action"": ""net_select"", ""success"": true, ""action_class"": ""valid_effective"", ""terminated"": false, ""truncated"": false}, {""net_id"": 9, ""action"": ""start_route"", ""success"": false, ""action_class"": ""valid_dispatch_fail"", ""terminated"": false, ""truncated"": false}, {""net_id"": 9, ""action"": ""make_line"", ""success"": false, ""action_class"": ""mask_reject"", ""terminated"": false, ""truncated"": false}, {""net_id"": 9, ""action"": ""net_end"", ""success"": true, ""action_class"": ""valid_effective"", ""terminated"": false, ""truncated"": false}, {""net_id"": 33, ""action"": ""net_select"", ""success"": true, ""action_class"": ""valid_effective"", ""terminated"": false, ""truncated"": false}, {""net_id"": 33, ""action"": ""start_route"", ""success"": false, ""action_class"": ""valid_dispatch_fail"", ""terminated"": false, ""truncated"": false}, {""net_id"": 33, ""action"": ""make_line"", ""success"": false, ""action_class"": ""mask_reject"", ""terminated"": false, ""truncated"": false}, {""net_id"": 33, ""action"": ""net_end"", ""success"": true, ""action_class"": ""valid_effective"", ""terminated"": false, ""truncated"": false}, {""net_id"": 18, ""action"": ""net_select"", ""success"": true, ""action_class"": ""valid_effective"", ""terminated"": false, ""truncated"": false}, {""net_id"": 18, ""action"": ""start_route"", ""success"": false, ""action_class"": ""valid_dispatch_fail"", ""terminated"": false, ""truncated"": false}, {""net_id"": 18, ""action"": ""make_line"", ""success"": false, ""action_class"": ""mask_reject"", ""terminated"": false, ""truncated"": false}, {""net_id"": 18, ""action"": ""net_end"", ""success"": true, ""action_class"": ""valid_effective"", ""terminated"": false, ""truncated"": false}, {""net_id"": 19, ""action"": ""net_select"", ""success"": true, ""action_class"": ""valid_effective"", ""terminated"": false, ""truncated"": false}, {""net_id"": 19, ""action"": ""start_route"", ""success"": false, ""action_class"": ""valid_dispatch_fail"", ""terminated"": false, ""truncated"": false}, {""net_id"": 19, ""action"": ""make_line"", ""success"": false, ""action_class"": ""mask_reject"", ""terminated"": false, ""truncated"": false}, {""net_id"": 19, ""action"": ""net_end"", ""success"": true, ""action_class"": ""valid_effective"", ""terminated"": false, ""truncated"": false}, {""net_id"": 17, ""action"": ""net_select"", ""success"": true, ""action_class"": ""valid_effective"", ""terminated"": false, ""truncated"": false}, {""net_id"": 17, ""action"": ""start_route"", ""success"": false, ""action_class"": ""valid_dispatch_fail"", ""terminated"": false, ""truncated"": false}, {""net_id"": 17, ""action"": ""make_line"", ""success"": false, ""action_class"": ""mask_reject"", ""terminated"": false, ""truncated"": false}, {""net_id"": 17, ""action"": ""net_end"", ""success"": true, ""action_class"": ""valid_effective"", ""terminated"": false, ""truncated"": false}, {""net_id"": 8, ""action"": ""net_select"", ""success"": true, ""action_class"": ""valid_effective"", ""terminated"": false, ""truncated"": false}, {""net_id"": 8, ""action"": ""start_route"", ""success"": false, ""action_class"": ""valid_dispatch_fail"", ""terminated"": false, ""truncated"": false}, {""net_id"": 8, ""action"": ""make_line"", ""success"": false, ""action_class"": ""mask_reject"", ""terminated"": false, ""truncated"": false}, {""net_id"": 8, ""action"": ""net_end"", ""success"": true, ""action_class"": ""valid_effective"", ""terminated"": false, ""truncated"": false}, {""net_id"": 55, ""action"": ""net_select"", ""success"": true, ""action_class"": ""valid_effective"", ""terminated"": false, ""truncated"": false}, {""net_id"": 55, ""action"": ""start_route"", ""success"": true, ""action_class"": ""valid_effective"", ""terminated"": false, ""truncated"": false}, {""net_id"": 55, ""action"": ""make_line"", ""success"": false, ""action_class"": ""valid_dispatch_fail"", ""terminated"": false, ""truncated"": false}, {""net_id"": 55, ""action"": ""net_end"", ""success"": true, ""action_class"": ""valid_effective"", ""terminated"": false, ""truncated"": false}, {""net_id"": 13, ""action"": ""net_select"", ""success"": true, ""action_class"": ""valid_effective"", ""terminated"": false, ""truncated"": false}, {""net_id"": 13, ""action"": ""start_route"", ""success"": false, ""action_class"": ""valid_dispatch_fail"", ""terminated"": false, ""truncated"": false}, {""net_id"": 13, ""action"": ""make_line"", ""success"": false, ""action_class"": ""mask_reject"", ""terminated"": false, ""truncated"": false}, {""net_id"": 13, ""action"": ""net_end"", ""success"": true, ""action_class"": ""valid_effective"", ""terminated"": false, ""truncated"": false}, {""net_id"": 49, ""action"": ""net_select"", ""success"": true, ""action_class"": ""valid_effective"", ""terminated"": false, ""truncated"": false}, {""net_id"": 49, ""action"": ""start_route"", ""success"": true, ""action_class"": ""valid_effective"", ""terminated"": false, ""truncated"": false}, {""net_id"": 49, ""action"": ""make_line"", ""success"": false, ""action_class"": ""valid_dispatch_fail"", ""terminated"": false, ""truncated"": false}, {""net_id"": 49, ""action"": ""net_end"", ""success"": true, ""action_class"": ""valid_effective"", ""terminated"": false, ""truncated"": false}, {""net_id"": 7, ""action"": ""net_select"", ""success"": true, ""action_class"": ""valid_effective"", ""terminated"": false, ""truncated"": false}, {""net_id"": 7, ""action"": ""start_route"", ""success"": false, ""action_class"": ""valid_dispatch_fail"", ""terminated"": false, ""truncated"": false}, {""net_id"": 7, ""action"": ""make_line"", ""success"": false, ""action_class"": ""mask_reject"", ""terminated"": false, ""truncated"": false}, {""net_id"": 7, ""action"": ""net_end"", ""success"": true, ""action_class"": ""valid_effective"", ""terminated"": true, ""truncated"": false}]",False,5.354330457999822,/content/routescout_phase8b_standalone/artifacts/routed_boards/0626_TOBS_HybridChargeController__mst_easy_first.kicad_pcb,df3d83fe14b7984d3ca4dbe7250d1c83b5fa6bc8b8bf754314fc870f360a9695,
hard,0626_TOBS_HybridChargeController,TOBS_HybridChargeController,mst_hard_first,67a718c026d1350321d0ea9d48a902867fa316d770597da8b53b67b002030369,"[7, 49, 13, 55, 8, 17, 18, 19, 33, 9, 53, 28]","[7, 49, 13, 55, 8, 17, 18, 19, 33, 9, 53, 28]",True,12,0.16666666666666666,False,10,False,10,10,False,2361.344000236782,97,927,48,30,18,"[{""net_id"": 7, ""action"": ""net_select"", ""success"": true, ""action_class"": ""valid_effective"", ""terminated"": false, ""truncated"": false}, {""net_id"": 7, ""action"": ""start_route"", ""success"": false, ""action_class"": ""valid_dispatch_fail"", ""terminated"": false, ""truncated"": false}, {""net_id"": 7, ""action"": ""make_line"", ""success"": false, ""action_class"": ""mask_reject"", ""terminated"": false, ""truncated"": false}, {""net_id"": 7, ""action"": ""net_end"", ""success"": true, ""action_class"": ""valid_effective"", ""terminated"": false, ""truncated"": false}, {""net_id"": 49, ""action"": ""net_select"", ""success"": true, ""action_class"": ""valid_effective"", ""terminated"": false, ""truncated"": false}, {""net_id"": 49, ""action"": ""start_route"", ""success"": true, ""action_class"": ""valid_effective"", ""terminated"": false, ""truncated"": false}, {""net_id"": 49, ""action"": ""make_line"", ""success"": false, ""action_class"": ""valid_dispatch_fail"", ""terminated"": false, ""truncated"": false}, {""net_id"": 49, ""action"": ""net_end"", ""success"": true, ""action_class"": ""valid_effective"", ""terminated"": false, ""truncated"": false}, {""net_id"": 13, ""action"": ""net_select"", ""success"": true, ""action_class"": ""valid_effective"", ""terminated"": false, ""truncated"": false}, {""net_id"": 13, ""action"": ""start_route"", ""success"": false, ""action_class"": ""valid_dispatch_fail"", ""terminated"": false, ""truncated"": false}, {""net_id"": 13, ""action"": ""make_line"", ""success"": false, ""action_class"": ""mask_reject"", ""terminated"": false, ""truncated"": false}, {""net_id"": 13, ""action"": ""net_end"", ""success"": true, ""action_class"": ""valid_effective"", ""terminated"": false, ""truncated"": false}, {""net_id"": 55, ""action"": ""net_select"", ""success"": true, ""action_class"": ""valid_effective"", ""terminated"": false, ""truncated"": false}, {""net_id"": 55, ""action"": ""start_route"", ""success"": true, ""action_class"": ""valid_effective"", ""terminated"": false, ""truncated"": false}, {""net_id"": 55, ""action"": ""make_line"", ""success"": false, ""action_class"": ""valid_dispatch_fail"", ""terminated"": false, ""truncated"": false}, {""net_id"": 55, ""action"": ""net_end"", ""success"": true, ""action_class"": ""valid_effective"", ""terminated"": false, ""truncated"": false}, {""net_id"": 8, ""action"": ""net_select"", ""success"": true, ""action_class"": ""valid_effective"", ""terminated"": false, ""truncated"": false}, {""net_id"": 8, ""action"": ""start_route"", ""success"": false, ""action_class"": ""valid_dispatch_fail"", ""terminated"": false, ""truncated"": false}, {""net_id"": 8, ""action"": ""make_line"", ""success"": false, ""action_class"": ""mask_reject"", ""terminated"": false, ""truncated"": false}, {""net_id"": 8, ""action"": ""net_end"", ""success"": true, ""action_class"": ""valid_effective"", ""terminated"": false, ""truncated"": false}, {""net_id"": 17, ""action"": ""net_select"", ""success"": true, ""action_class"": ""valid_effective"", ""terminated"": false, ""truncated"": false}, {""net_id"": 17, ""action"": ""start_route"", ""success"": false, ""action_class"": ""valid_dispatch_fail"", ""terminated"": false, ""truncated"": false}, {""net_id"": 17, ""action"": ""make_line"", ""success"": false, ""action_class"": ""mask_reject"", ""terminated"": false, ""truncated"": false}, {""net_id"": 17, ""action"": ""net_end"", ""success"": true, ""action_class"": ""valid_effective"", ""terminated"": false, ""truncated"": false}, {""net_id"": 18, ""action"": ""net_select"", ""success"": true, ""action_class"": ""valid_effective"", ""terminated"": false, ""truncated"": false}, {""net_id"": 18, ""action"": ""start_route"", ""success"": false, ""action_class"": ""valid_dispatch_fail"", ""terminated"": false, ""truncated"": false}, {""net_id"": 18, ""action"": ""make_line"", ""success"": false, ""action_class"": ""mask_reject"", ""terminated"": false, ""truncated"": false}, {""net_id"": 18, ""action"": ""net_end"", ""success"": true, ""action_class"": ""valid_effective"", ""terminated"": false, ""truncated"": false}, {""net_id"": 19, ""action"": ""net_select"", ""success"": true, ""action_class"": ""valid_effective"", ""terminated"": false, ""truncated"": false}, {""net_id"": 19, ""action"": ""start_route"", ""success"": false, ""action_class"": ""valid_dispatch_fail"", ""terminated"": false, ""truncated"": false}, {""net_id"": 19, ""action"": ""make_line"", ""success"": false, ""action_class"": ""mask_reject"", ""terminated"": false, ""truncated"": false}, {""net_id"": 19, ""action"": ""net_end"", ""success"": true, ""action_class"": ""valid_effective"", ""terminated"": false, ""truncated"": false}, {""net_id"": 33, ""action"": ""net_select"", ""success"": true, ""action_class"": ""valid_effective"", ""terminated"": false, ""truncated"": false}, {""net_id"": 33, ""action"": ""start_route"", ""success"": false, ""action_class"": ""valid_dispatch_fail"", ""terminated"": false, ""truncated"": false}, {""net_id"": 33, ""action"": ""make_line"", ""success"": false, ""action_class"": ""mask_reject"", ""terminated"": false, ""truncated"": false}, {""net_id"": 33, ""action"": ""net_end"", ""success"": true, ""action_class"": ""valid_effective"", ""terminated"": false, ""truncated"": false}, {""net_id"": 9, ""action"": ""net_select"", ""success"": true, ""action_class"": ""valid_effective"", ""terminated"": false, ""truncated"": false}, {""net_id"": 9, ""action"": ""start_route"", ""success"": false, ""action_class"": ""valid_dispatch_fail"", ""terminated"": false, ""truncated"": false}, {""net_id"": 9, ""action"": ""make_line"", ""success"": false, ""action_class"": ""mask_reject"", ""terminated"": false, ""truncated"": false}, {""net_id"": 9, ""action"": ""net_end"", ""success"": true, ""action_class"": ""valid_effective"", ""terminated"": false, ""truncated"": false}, {""net_id"": 53, ""action"": ""net_select"", ""success"": true, ""action_class"": ""valid_effective"", ""terminated"": false, ""truncated"": false}, {""net_id"": 53, ""action"": ""start_route"", ""success"": true, ""action_class"": ""valid_effective"", ""terminated"": false, ""truncated"": false}, {""net_id"": 53, ""action"": ""make_line"", ""success"": true, ""action_class"": ""valid_effective"", ""terminated"": false, ""truncated"": false}, {""net_id"": 53, ""action"": ""net_end"", ""success"": true, ""action_class"": ""valid_effective"", ""terminated"": false, ""truncated"": false}, {""net_id"": 28, ""action"": ""net_select"", ""success"": true, ""action_class"": ""valid_effective"", ""terminated"": false, ""truncated"": false}, {""net_id"": 28, ""action"": ""start_route"", ""success"": true, ""action_class"": ""valid_effective"", ""terminated"": false, ""truncated"": false}, {""net_id"": 28, ""action"": ""make_line"", ""success"": true, ""action_class"": ""valid_effective"", ""terminated"": false, ""truncated"": false}, {""net_id"": 28, ""action"": ""net_end"", ""success"": true, ""action_class"": ""valid_effective"", ""terminated"": true, ""truncated"": false}]",False,9.646287503001076,/content/routescout_phase8b_standalone/artifacts/routed_boards/0626_TOBS_HybridChargeController__mst_hard_first.kicad_pcb,b22f2ee27c0c94863071d806f09c054c5461cd07ae6d55e9f7d72dd6cc231bf1,
hard,0626_TOBS_HybridChargeController,TOBS_HybridChargeController,natural,67a718c026d1350321d0ea9d48a902867fa316d770597da8b53b67b002030369,"[7, 8, 9, 13, 17, 18, 19, 28, 33, 49, 53, 55]","[7, 8, 9, 13, 17, 18, 19, 28, 33, 49, 53, 55]",True,12,0.16666666666666666,False,10,False,10,10,False,2361.344000236782,97,927,48,30,18,"[{""net_id"": 7, ""action"": ""net_select"", ""success"": true, ""action_class"": ""valid_effective"", ""terminated"": false, ""truncated"": false}, {""net_id"": 7, ""action"": ""start_route"", ""success"": false, ""action_class"": ""valid_dispatch_fail"", ""terminated"": false, ""truncated"": false}, {""net_id"": 7, ""action"": ""make_line"", ""success"": false, ""action_class"": ""mask_reject"", ""terminated"": false, ""truncated"": false}, {""net_id"": 7, ""action"": ""net_end"", ""success"": true, ""action_class"": ""valid_effective"", ""terminated"": false, ""truncated"": false}, {""net_id"": 8, ""action"": ""net_select"", ""success"": true, ""action_class"": ""valid_effective"", ""terminated"": false, ""truncated"": false}, {""net_id"": 8, ""action"": ""start_route"", ""success"": false, ""action_class"": ""valid_dispatch_fail"", ""terminated"": false, ""truncated"": false}, {""net_id"": 8, ""action"": ""make_line"", ""success"": false, ""action_class"": ""mask_reject"", ""terminated"": false, ""truncated"": false}, {""net_id"": 8, ""action"": ""net_end"", ""success"": true, ""action_class"": ""valid_effective"", ""terminated"": false, ""truncated"": false}, {""net_id"": 9, ""action"": ""net_select"", ""success"": true, ""action_class"": ""valid_effective"", ""terminated"": false, ""truncated"": false}, {""net_id"": 9, ""action"": ""start_route"", ""success"": false, ""action_class"": ""valid_dispatch_fail"", ""terminated"": false, ""truncated"": false}, {""net_id"": 9, ""action"": ""make_line"", ""success"": false, ""action_class"": ""mask_reject"", ""terminated"": false, ""truncated"": false}, {""net_id"": 9, ""action"": ""net_end"", ""success"": true, ""action_class"": ""valid_effective"", ""terminated"": false, ""truncated"": false}, {""net_id"": 13, ""action"": ""net_select"", ""success"": true, ""action_class"": ""valid_effective"", ""terminated"": false, ""truncated"": false}, {""net_id"": 13, ""action"": ""start_route"", ""success"": false, ""action_class"": ""valid_dispatch_fail"", ""terminated"": false, ""truncated"": false}, {""net_id"": 13, ""action"": ""make_line"", ""success"": false, ""action_class"": ""mask_reject"", ""terminated"": false, ""truncated"": false}, {""net_id"": 13, ""action"": ""net_end"", ""success"": true, ""action_class"": ""valid_effective"", ""terminated"": false, ""truncated"": false}, {""net_id"": 17, ""action"": ""net_select"", ""success"": true, ""action_class"": ""valid_effective"", ""terminated"": false, ""truncated"": false}, {""net_id"": 17, ""action"": ""start_route"", ""success"": false, ""action_class"": ""valid_dispatch_fail"", ""terminated"": false, ""truncated"": false}, {""net_id"": 17, ""action"": ""make_line"", ""success"": false, ""action_class"": ""mask_reject"", ""terminated"": false, ""truncated"": false}, {""net_id"": 17, ""action"": ""net_end"", ""success"": true, ""action_class"": ""valid_effective"", ""terminated"": false, ""truncated"": false}, {""net_id"": 18, ""action"": ""net_select"", ""success"": true, ""action_class"": ""valid_effective"", ""terminated"": false, ""truncated"": false}, {""net_id"": 18, ""action"": ""start_route"", ""success"": false, ""action_class"": ""valid_dispatch_fail"", ""terminated"": false, ""truncated"": false}, {""net_id"": 18, ""action"": ""make_line"", ""success"": false, ""action_class"": ""mask_reject"", ""terminated"": false, ""truncated"": false}, {""net_id"": 18, ""action"": ""net_end"", ""success"": true, ""action_class"": ""valid_effective"", ""terminated"": false, ""truncated"": false}, {""net_id"": 19, ""action"": ""net_select"", ""success"": true, ""action_class"": ""valid_effective"", ""terminated"": false, ""truncated"": false}, {""net_id"": 19, ""action"": ""start_route"", ""success"": false, ""action_class"": ""valid_dispatch_fail"", ""terminated"": false, ""truncated"": false}, {""net_id"": 19, ""action"": ""make_line"", ""success"": false, ""action_class"": ""mask_reject"", ""terminated"": false, ""truncated"": false}, {""net_id"": 19, ""action"": ""net_end"", ""success"": true, ""action_class"": ""valid_effective"", ""terminated"": false, ""truncated"": false}, {""net_id"": 28, ""action"": ""net_select"", ""success"": true, ""action_class"": ""valid_effective"", ""terminated"": false, ""truncated"": false}, {""net_id"": 28, ""action"": ""start_route"", ""success"": true, ""action_class"": ""valid_effective"", ""terminated"": false, ""truncated"": false}, {""net_id"": 28, ""action"": ""make_line"", ""success"": true, ""action_class"": ""valid_effective"", ""terminated"": false, ""truncated"": false}, {""net_id"": 28, ""action"": ""net_end"", ""success"": true, ""action_class"": ""valid_effective"", ""terminated"": false, ""truncated"": false}, {""net_id"": 33, ""action"": ""net_select"", ""success"": true, ""action_class"": ""valid_effective"", ""terminated"": false, ""truncated"": false}, {""net_id"": 33, ""action"": ""start_route"", ""success"": false, ""action_class"": ""valid_dispatch_fail"", ""terminated"": false, ""truncated"": false}, {""net_id"": 33, ""action"": ""make_line"", ""success"": false, ""action_class"": ""mask_reject"", ""terminated"": false, ""truncated"": false}, {""net_id"": 33, ""action"": ""net_end"", ""success"": true, ""action_class"": ""valid_effective"", ""terminated"": false, ""truncated"": false}, {""net_id"": 49, ""action"": ""net_select"", ""success"": true, ""action_class"": ""valid_effective"", ""terminated"": false, ""truncated"": false}, {""net_id"": 49, ""action"": ""start_route"", ""success"": true, ""action_class"": ""valid_effective"", ""terminated"": false, ""truncated"": false}, {""net_id"": 49, ""action"": ""make_line"", ""success"": false, ""action_class"": ""valid_dispatch_fail"", ""terminated"": false, ""truncated"": false}, {""net_id"": 49, ""action"": ""net_end"", ""success"": true, ""action_class"": ""valid_effective"", ""terminated"": false, ""truncated"": false}, {""net_id"": 53, ""action"": ""net_select"", ""success"": true, ""action_class"": ""valid_effective"", ""terminated"": false, ""truncated"": false}, {""net_id"": 53, ""action"": ""start_route"", ""success"": true, ""action_class"": ""valid_effective"", ""terminated"": false, ""truncated"": false}, {""net_id"": 53, ""action"": ""make_line"", ""success"": true, ""action_class"": ""valid_effective"", ""terminated"": false, ""truncated"": false}, {""net_id"": 53, ""action"": ""net_end"", ""success"": true, ""action_class"": ""valid_effective"", ""terminated"": false, ""truncated"": false}, {""net_id"": 55, ""action"": ""net_select"", ""success"": true, ""action_class"": ""valid_effective"", ""terminated"": false, ""truncated"": false}, {""net_id"": 55, ""action"": ""start_route"", ""success"": true, ""action_class"": ""valid_effective"", ""terminated"": false, ""truncated"": false}, {""net_id"": 55, ""action"": ""make_line"", ""success"": false, ""action_class"": ""valid_dispatch_fail"", ""terminated"": false, ""truncated"": false}, {""net_id"": 55, ""action"": ""net_end"", ""success"": true, ""action_class"": ""valid_effective"", ""terminated"": true, ""truncated"": false}]",False,10.172590800000762,/content/routescout_phase8b_standalone/artifacts/routed_boards/0626_TOBS_HybridChargeController__natural.kicad_pcb,eeaf06306e62a720cbc45ff9376ecb96a67a9cf2c1f09040d86993737e8c9ae2,
medium,0113_maytal_Maytal,maytal_Maytal,mst_easy_first,34fe8cfbea3c4b5610d5f82b46827ab9bfd74776fcb7f7341a13439213fdae1e,"[29, 14, 13, 10, 11, 12, 27, 7, 28, 8, 19]","[29, 14, 13, 10, 11, 12, 27, 7, 28, 8, 19]",True,11,0.0,False,11,False,11,11,False,221.45139247112797,1,25,44,22,22,"[{""net_id"": 29, ""action"": ""net_select"", ""success"": true, ""action_class"": ""valid_effective"", ""terminated"": false, ""truncated"": false}, {""net_id"": 29, ""action"": ""start_route"", ""success"": false, ""action_class"": ""valid_dispatch_fail"", ""terminated"": false, ""truncated"": false}, {""net_id"": 29, ""action"": ""make_line"", ""success"": false, ""action_class"": ""mask_reject"", ""terminated"": false, ""truncated"": false}, {""net_id"": 29, ""action"": ""net_end"", ""success"": true, ""action_class"": ""valid_effective"", ""terminated"": false, ""truncated"": false}, {""net_id"": 14, ""action"": ""net_select"", ""success"": true, ""action_class"": ""valid_effective"", ""terminated"": false, ""truncated"": false}, {""net_id"": 14, ""action"": ""start_route"", ""success"": false, ""action_class"": ""valid_dispatch_fail"", ""terminated"": false, ""truncated"": false}, {""net_id"": 14, ""action"": ""make_line"", ""success"": false, ""action_class"": ""mask_reject"", ""terminated"": false, ""truncated"": false}, {""net_id"": 14, ""action"": ""net_end"", ""success"": true, ""action_class"": ""valid_effective"", ""terminated"": false, ""truncated"": false}, {""net_id"": 13, ""action"": ""net_select"", ""success"": true, ""action_class"": ""valid_effective"", ""terminated"": false, ""truncated"": false}, {""net_id"": 13, ""action"": ""start_route"", ""success"": false, ""action_class"": ""valid_dispatch_fail"", ""terminated"": false, ""truncated"": false}, {""net_id"": 13, ""action"": ""make_line"", ""success"": false, ""action_class"": ""mask_reject"", ""terminated"": false, ""truncated"": false}, {""net_id"": 13, ""action"": ""net_end"", ""success"": true, ""action_class"": ""valid_effective"", ""terminated"": false, ""truncated"": false}, {""net_id"": 10, ""action"": ""net_select"", ""success"": true, ""action_class"": ""valid_effective"", ""terminated"": false, ""truncated"": false}, {""net_id"": 10, ""action"": ""start_route"", ""success"": false, ""action_class"": ""valid_dispatch_fail"", ""terminated"": false, ""truncated"": false}, {""net_id"": 10, ""action"": ""make_line"", ""success"": false, ""action_class"": ""mask_reject"", ""terminated"": false, ""truncated"": false}, {""net_id"": 10, ""action"": ""net_end"", ""success"": true, ""action_class"": ""valid_effective"", ""terminated"": false, ""truncated"": false}, {""net_id"": 11, ""action"": ""net_select"", ""success"": true, ""action_class"": ""valid_effective"", ""terminated"": false, ""truncated"": false}, {""net_id"": 11, ""action"": ""start_route"", ""success"": false, ""action_class"": ""valid_dispatch_fail"", ""terminated"": false, ""truncated"": false}, {""net_id"": 11, ""action"": ""make_line"", ""success"": false, ""action_class"": ""mask_reject"", ""terminated"": false, ""truncated"": false}, {""net_id"": 11, ""action"": ""net_end"", ""success"": true, ""action_class"": ""valid_effective"", ""terminated"": false, ""truncated"": false}, {""net_id"": 12, ""action"": ""net_select"", ""success"": true, ""action_class"": ""valid_effective"", ""terminated"": false, ""truncated"": false}, {""net_id"": 12, ""action"": ""start_route"", ""success"": false, ""action_class"": ""valid_dispatch_fail"", ""terminated"": false, ""truncated"": false}, {""net_id"": 12, ""action"": ""make_line"", ""success"": false, ""action_class"": ""mask_reject"", ""terminated"": false, ""truncated"": false}, {""net_id"": 12, ""action"": ""net_end"", ""success"": true, ""action_class"": ""valid_effective"", ""terminated"": false, ""truncated"": false}, {""net_id"": 27, ""action"": ""net_select"", ""success"": true, ""action_class"": ""valid_effective"", ""terminated"": false, ""truncated"": false}, {""net_id"": 27, ""action"": ""start_route"", ""success"": false, ""action_class"": ""valid_dispatch_fail"", ""terminated"": false, ""truncated"": false}, {""net_id"": 27, ""action"": ""make_line"", ""success"": false, ""action_class"": ""mask_reject"", ""terminated"": false, ""truncated"": false}, {""net_id"": 27, ""action"": ""net_end"", ""success"": true, ""action_class"": ""valid_effective"", ""terminated"": false, ""truncated"": false}, {""net_id"": 7, ""action"": ""net_select"", ""success"": true, ""action_class"": ""valid_effective"", ""terminated"": false, ""truncated"": false}, {""net_id"": 7, ""action"": ""start_route"", ""success"": false, ""action_class"": ""valid_dispatch_fail"", ""terminated"": false, ""truncated"": false}, {""net_id"": 7, ""action"": ""make_line"", ""success"": false, ""action_class"": ""mask_reject"", ""terminated"": false, ""truncated"": false}, {""net_id"": 7, ""action"": ""net_end"", ""success"": true, ""action_class"": ""valid_effective"", ""terminated"": false, ""truncated"": false}, {""net_id"": 28, ""action"": ""net_select"", ""success"": true, ""action_class"": ""valid_effective"", ""terminated"": false, ""truncated"": false}, {""net_id"": 28, ""action"": ""start_route"", ""success"": false, ""action_class"": ""valid_dispatch_fail"", ""terminated"": false, ""truncated"": false}, {""net_id"": 28, ""action"": ""make_line"", ""success"": false, ""action_class"": ""mask_reject"", ""terminated"": false, ""truncated"": false}, {""net_id"": 28, ""action"": ""net_end"", ""success"": true, ""action_class"": ""valid_effective"", ""terminated"": false, ""truncated"": false}, {""net_id"": 8, ""action"": ""net_select"", ""success"": true, ""action_class"": ""valid_effective"", ""terminated"": false, ""truncated"": false}, {""net_id"": 8, ""action"": ""start_route"", ""success"": false, ""action_class"": ""valid_dispatch_fail"", ""terminated"": false, ""truncated"": false}, {""net_id"": 8, ""action"": ""make_line"", ""success"": false, ""action_class"": ""mask_reject"", ""terminated"": false, ""truncated"": false}, {""net_id"": 8, ""action"": ""net_end"", ""success"": true, ""action_class"": ""valid_effective"", ""terminated"": false, ""truncated"": false}, {""net_id"": 19, ""action"": ""net_select"", ""success"": true, ""action_class"": ""valid_effective"", ""terminated"": false, ""truncated"": false}, {""net_id"": 19, ""action"": ""start_route"", ""success"": false, ""action_class"": ""valid_dispatch_fail"", ""terminated"": false, ""truncated"": false}, {""net_id"": 19, ""action"": ""make_line"", ""success"": false, ""action_class"": ""mask_reject"", ""terminated"": false, ""truncated"": false}, {""net_id"": 19, ""action"": ""net_end"", ""success"": true, ""action_class"": ""valid_effective"", ""terminated"": true, ""truncated"": false}]",False,0.8436312379999436,/content/routescout_phase8b_standalone/artifacts/routed_boards/0113_maytal_Maytal__mst_easy_first.kicad_pcb,0fd3b74343aaddc00a73676373cbc32577f69120a2d9dec705ef02e0020cbaae,
medium,0113_maytal_Maytal,maytal_Maytal,mst_hard_first,34fe8cfbea3c4b5610d5f82b46827ab9bfd74776fcb7f7341a13439213fdae1e,"[19, 8, 28, 7, 27, 11, 12, 10, 13, 14, 29]","[19, 8, 28, 7, 27, 11, 12, 10, 13, 14, 29]",True,11,0.0,False,11,False,11,11,False,221.45139247112797,1,25,44,22,22,"[{""net_id"": 19, ""action"": ""net_select"", ""success"": true, ""action_class"": ""valid_effective"", ""terminated"": false, ""truncated"": false}, {""net_id"": 19, ""action"": ""start_route"", ""success"": false, ""action_class"": ""valid_dispatch_fail"", ""terminated"": false, ""truncated"": false}, {""net_id"": 19, ""action"": ""make_line"", ""success"": false, ""action_class"": ""mask_reject"", ""terminated"": false, ""truncated"": false}, {""net_id"": 19, ""action"": ""net_end"", ""success"": true, ""action_class"": ""valid_effective"", ""terminated"": false, ""truncated"": false}, {""net_id"": 8, ""action"": ""net_select"", ""success"": true, ""action_class"": ""valid_effective"", ""terminated"": false, ""truncated"": false}, {""net_id"": 8, ""action"": ""start_route"", ""success"": false, ""action_class"": ""valid_dispatch_fail"", ""terminated"": false, ""truncated"": false}, {""net_id"": 8, ""action"": ""make_line"", ""success"": false, ""action_class"": ""mask_reject"", ""terminated"": false, ""truncated"": false}, {""net_id"": 8, ""action"": ""net_end"", ""success"": true, ""action_class"": ""valid_effective"", ""terminated"": false, ""truncated"": false}, {""net_id"": 28, ""action"": ""net_select"", ""success"": true, ""action_class"": ""valid_effective"", ""terminated"": false, ""truncated"": false}, {""net_id"": 28, ""action"": ""start_route"", ""success"": false, ""action_class"": ""valid_dispatch_fail"", ""terminated"": false, ""truncated"": false}, {""net_id"": 28, ""action"": ""make_line"", ""success"": false, ""action_class"": ""mask_reject"", ""terminated"": false, ""truncated"": false}, {""net_id"": 28, ""action"": ""net_end"", ""success"": true, ""action_class"": ""valid_effective"", ""terminated"": false, ""truncated"": false}, {""net_id"": 7, ""action"": ""net_select"", ""success"": true, ""action_class"": ""valid_effective"", ""terminated"": false, ""truncated"": false}, {""net_id"": 7, ""action"": ""start_route"", ""success"": false, ""action_class"": ""valid_dispatch_fail"", ""terminated"": false, ""truncated"": false}, {""net_id"": 7, ""action"": ""make_line"", ""success"": false, ""action_class"": ""mask_reject"", ""terminated"": false, ""truncated"": false}, {""net_id"": 7, ""action"": ""net_end"", ""success"": true, ""action_class"": ""valid_effective"", ""terminated"": false, ""truncated"": false}, {""net_id"": 27, ""action"": ""net_select"", ""success"": true, ""action_class"": ""valid_effective"", ""terminated"": false, ""truncated"": false}, {""net_id"": 27, ""action"": ""start_route"", ""success"": false, ""action_class"": ""valid_dispatch_fail"", ""terminated"": false, ""truncated"": false}, {""net_id"": 27, ""action"": ""make_line"", ""success"": false, ""action_class"": ""mask_reject"", ""terminated"": false, ""truncated"": false}, {""net_id"": 27, ""action"": ""net_end"", ""success"": true, ""action_class"": ""valid_effective"", ""terminated"": false, ""truncated"": false}, {""net_id"": 11, ""action"": ""net_select"", ""success"": true, ""action_class"": ""valid_effective"", ""terminated"": false, ""truncated"": false}, {""net_id"": 11, ""action"": ""start_route"", ""success"": false, ""action_class"": ""valid_dispatch_fail"", ""terminated"": false, ""truncated"": false}, {""net_id"": 11, ""action"": ""make_line"", ""success"": false, ""action_class"": ""mask_reject"", ""terminated"": false, ""truncated"": false}, {""net_id"": 11, ""action"": ""net_end"", ""success"": true, ""action_class"": ""valid_effective"", ""terminated"": false, ""truncated"": false}, {""net_id"": 12, ""action"": ""net_select"", ""success"": true, ""action_class"": ""valid_effective"", ""terminated"": false, ""truncated"": false}, {""net_id"": 12, ""action"": ""start_route"", ""success"": false, ""action_class"": ""valid_dispatch_fail"", ""terminated"": false, ""truncated"": false}, {""net_id"": 12, ""action"": ""make_line"", ""success"": false, ""action_class"": ""mask_reject"", ""terminated"": false, ""truncated"": false}, {""net_id"": 12, ""action"": ""net_end"", ""success"": true, ""action_class"": ""valid_effective"", ""terminated"": false, ""truncated"": false}, {""net_id"": 10, ""action"": ""net_select"", ""success"": true, ""action_class"": ""valid_effective"", ""terminated"": false, ""truncated"": false}, {""net_id"": 10, ""action"": ""start_route"", ""success"": false, ""action_class"": ""valid_dispatch_fail"", ""terminated"": false, ""truncated"": false}, {""net_id"": 10, ""action"": ""make_line"", ""success"": false, ""action_class"": ""mask_reject"", ""terminated"": false, ""truncated"": false}, {""net_id"": 10, ""action"": ""net_end"", ""success"": true, ""action_class"": ""valid_effective"", ""terminated"": false, ""truncated"": false}, {""net_id"": 13, ""action"": ""net_select"", ""success"": true, ""action_class"": ""valid_effective"", ""terminated"": false, ""truncated"": false}, {""net_id"": 13, ""action"": ""start_route"", ""success"": false, ""action_class"": ""valid_dispatch_fail"", ""terminated"": false, ""truncated"": false}, {""net_id"": 13, ""action"": ""make_line"", ""success"": false, ""action_class"": ""mask_reject"", ""terminated"": false, ""truncated"": false}, {""net_id"": 13, ""action"": ""net_end"", ""success"": true, ""action_class"": ""valid_effective"", ""terminated"": false, ""truncated"": false}, {""net_id"": 14, ""action"": ""net_select"", ""success"": true, ""action_class"": ""valid_effective"", ""terminated"": false, ""truncated"": false}, {""net_id"": 14, ""action"": ""start_route"", ""success"": false, ""action_class"": ""valid_dispatch_fail"", ""terminated"": false, ""truncated"": false}, {""net_id"": 14, ""action"": ""make_line"", ""success"": false, ""action_class"": ""mask_reject"", ""terminated"": false, ""truncated"": false}, {""net_id"": 14, ""action"": ""net_end"", ""success"": true, ""action_class"": ""valid_effective"", ""terminated"": false, ""truncated"": false}, {""net_id"": 29, ""action"": ""net_select"", ""success"": true, ""action_class"": ""valid_effective"", ""terminated"": false, ""truncated"": false}, {""net_id"": 29, ""action"": ""start_route"", ""success"": false, ""action_class"": ""valid_dispatch_fail"", ""terminated"": false, ""truncated"": false}, {""net_id"": 29, ""action"": ""make_line"", ""success"": false, ""action_class"": ""mask_reject"", ""terminated"": false, ""truncated"": false}, {""net_id"": 29, ""action"": ""net_end"", ""success"": true, ""action_class"": ""valid_effective"", ""terminated"": true, ""truncated"": false}]",False,0.7540877619994717,/content/routescout_phase8b_standalone/artifacts/routed_boards/0113_maytal_Maytal__mst_hard_first.kicad_pcb,0fd3b74343aaddc00a73676373cbc32577f69120a2d9dec705ef02e0020cbaae,
medium,0113_maytal_Maytal,maytal_Maytal,natural,34fe8cfbea3c4b5610d5f82b46827ab9bfd74776fcb7f7341a13439213fdae1e,"[7, 8, 10, 11, 12, 13, 14, 19, 27, 28, 29]","[7, 8, 10, 11, 12, 13, 14, 19, 27, 28, 29]",True,11,0.0,False,11,False,11,11,False,221.45139247112797,1,25,44,22,22,"[{""net_id"": 7, ""action"": ""net_select"", ""success"": true, ""action_class"": ""valid_effective"", ""terminated"": false, ""truncated"": false}, {""net_id"": 7, ""action"": ""start_route"", ""success"": false, ""action_class"": ""valid_dispatch_fail"", ""terminated"": false, ""truncated"": false}, {""net_id"": 7, ""action"": ""make_line"", ""success"": false, ""action_class"": ""mask_reject"", ""terminated"": false, ""truncated"": false}, {""net_id"": 7, ""action"": ""net_end"", ""success"": true, ""action_class"": ""valid_effective"", ""terminated"": false, ""truncated"": false}, {""net_id"": 8, ""action"": ""net_select"", ""success"": true, ""action_class"": ""valid_effective"", ""terminated"": false, ""truncated"": false}, {""net_id"": 8, ""action"": ""start_route"", ""success"": false, ""action_class"": ""valid_dispatch_fail"", ""terminated"": false, ""truncated"": false}, {""net_id"": 8, ""action"": ""make_line"", ""success"": false, ""action_class"": ""mask_reject"", ""terminated"": false, ""truncated"": false}, {""net_id"": 8, ""action"": ""net_end"", ""success"": true, ""action_class"": ""valid_effective"", ""terminated"": false, ""truncated"": false}, {""net_id"": 10, ""action"": ""net_select"", ""success"": true, ""action_class"": ""valid_effective"", ""terminated"": false, ""truncated"": false}, {""net_id"": 10, ""action"": ""start_route"", ""success"": false, ""action_class"": ""valid_dispatch_fail"", ""terminated"": false, ""truncated"": false}, {""net_id"": 10, ""action"": ""make_line"", ""success"": false, ""action_class"": ""mask_reject"", ""terminated"": false, ""truncated"": false}, {""net_id"": 10, ""action"": ""net_end"", ""success"": true, ""action_class"": ""valid_effective"", ""terminated"": false, ""truncated"": false}, {""net_id"": 11, ""action"": ""net_select"", ""success"": true, ""action_class"": ""valid_effective"", ""terminated"": false, ""truncated"": false}, {""net_id"": 11, ""action"": ""start_route"", ""success"": false, ""action_class"": ""valid_dispatch_fail"", ""terminated"": false, ""truncated"": false}, {""net_id"": 11, ""action"": ""make_line"", ""success"": false, ""action_class"": ""mask_reject"", ""terminated"": false, ""truncated"": false}, {""net_id"": 11, ""action"": ""net_end"", ""success"": true, ""action_class"": ""valid_effective"", ""terminated"": false, ""truncated"": false}, {""net_id"": 12, ""action"": ""net_select"", ""success"": true, ""action_class"": ""valid_effective"", ""terminated"": false, ""truncated"": false}, {""net_id"": 12, ""action"": ""start_route"", ""success"": false, ""action_class"": ""valid_dispatch_fail"", ""terminated"": false, ""truncated"": false}, {""net_id"": 12, ""action"": ""make_line"", ""success"": false, ""action_class"": ""mask_reject"", ""terminated"": false, ""truncated"": false}, {""net_id"": 12, ""action"": ""net_end"", ""success"": true, ""action_class"": ""valid_effective"", ""terminated"": false, ""truncated"": false}, {""net_id"": 13, ""action"": ""net_select"", ""success"": true, ""action_class"": ""valid_effective"", ""terminated"": false, ""truncated"": false}, {""net_id"": 13, ""action"": ""start_route"", ""success"": false, ""action_class"": ""valid_dispatch_fail"", ""terminated"": false, ""truncated"": false}, {""net_id"": 13, ""action"": ""make_line"", ""success"": false, ""action_class"": ""mask_reject"", ""terminated"": false, ""truncated"": false}, {""net_id"": 13, ""action"": ""net_end"", ""success"": true, ""action_class"": ""valid_effective"", ""terminated"": false, ""truncated"": false}, {""net_id"": 14, ""action"": ""net_select"", ""success"": true, ""action_class"": ""valid_effective"", ""terminated"": false, ""truncated"": false}, {""net_id"": 14, ""action"": ""start_route"", ""success"": false, ""action_class"": ""valid_dispatch_fail"", ""terminated"": false, ""truncated"": false}, {""net_id"": 14, ""action"": ""make_line"", ""success"": false, ""action_class"": ""mask_reject"", ""terminated"": false, ""truncated"": false}, {""net_id"": 14, ""action"": ""net_end"", ""success"": true, ""action_class"": ""valid_effective"", ""terminated"": false, ""truncated"": false}, {""net_id"": 19, ""action"": ""net_select"", ""success"": true, ""action_class"": ""valid_effective"", ""terminated"": false, ""truncated"": false}, {""net_id"": 19, ""action"": ""start_route"", ""success"": false, ""action_class"": ""valid_dispatch_fail"", ""terminated"": false, ""truncated"": false}, {""net_id"": 19, ""action"": ""make_line"", ""success"": false, ""action_class"": ""mask_reject"", ""terminated"": false, ""truncated"": false}, {""net_id"": 19, ""action"": ""net_end"", ""success"": true, ""action_class"": ""valid_effective"", ""terminated"": false, ""truncated"": false}, {""net_id"": 27, ""action"": ""net_select"", ""success"": true, ""action_class"": ""valid_effective"", ""terminated"": false, ""truncated"": false}, {""net_id"": 27, ""action"": ""start_route"", ""success"": false, ""action_class"": ""valid_dispatch_fail"", ""terminated"": false, ""truncated"": false}, {""net_id"": 27, ""action"": ""make_line"", ""success"": false, ""action_class"": ""mask_reject"", ""terminated"": false, ""truncated"": false}, {""net_id"": 27, ""action"": ""net_end"", ""success"": true, ""action_class"": ""valid_effective"", ""terminated"": false, ""truncated"": false}, {""net_id"": 28, ""action"": ""net_select"", ""success"": true, ""action_class"": ""valid_effective"", ""terminated"": false, ""truncated"": false}, {""net_id"": 28, ""action"": ""start_route"", ""success"": false, ""action_class"": ""valid_dispatch_fail"", ""terminated"": false, ""truncated"": false}, {""net_id"": 28, ""action"": ""make_line"", ""success"": false, ""action_class"": ""mask_reject"", ""terminated"": false, ""truncated"": false}, {""net_id"": 28, ""action"": ""net_end"", ""success"": true, ""action_class"": ""valid_effective"", ""terminated"": false, ""truncated"": false}, {""net_id"": 29, ""action"": ""net_select"", ""success"": true, ""action_class"": ""valid_effective"", ""terminated"": false, ""truncated"": false}, {""net_id"": 29, ""action"": ""start_route"", ""success"": false, ""action_class"": ""valid_dispatch_fail"", ""terminated"": false, ""truncated"": false}, {""net_id"": 29, ""action"": ""make_line"", ""success"": false, ""action_class"": ""mask_reject"", ""terminated"": false, ""truncated"": false}, {""net_id"": 29, ""action"": ""net_end"", ""success"": true, ""action_class"": ""valid_effective"", ""terminated"": true, ""truncated"": false}]",False,0.6913653450010315,/content/routescout_phase8b_standalone/artifacts/routed_boards/0113_maytal_Maytal__natural.kicad_pcb,0fd3b74343aaddc00a73676373cbc32577f69120a2d9dec705ef02e0020cbaae,
medium,0260_NiMH-Charger_NiMH Charger,NiMH-Charger_NiMH Charger,mst_easy_first,94e55d653ba0ec414dc7ecb9da4412355615e8bfbcc2c1c53a52f74939139047,"[14, 15, 16, 17, 19, 20]","[14, 15, 16, 17, 19, 20]",True,6,0.0,False,6,False,6,6,False,846.0329090953753,0,119,24,12,12,"[{""net_id"": 14, ""action"": ""net_select"", ""success"": true, ""action_class"": ""valid_effective"", ""terminated"": false, ""truncated"": false}, {""net_id"": 14, ""action"": ""start_route"", ""success"": false, ""action_class"": ""valid_dispatch_fail"", ""terminated"": false, ""truncated"": false}, {""net_id"": 14, ""action"": ""make_line"", ""success"": false, ""action_class"": ""mask_reject"", ""terminated"": false, ""truncated"": false}, {""net_id"": 14, ""action"": ""net_end"", ""success"": true, ""action_class"": ""valid_effective"", ""terminated"": false, ""truncated"": false}, {""net_id"": 15, ""action"": ""net_select"", ""success"": true, ""action_class"": ""valid_effective"", ""terminated"": false, ""truncated"": false}, {""net_id"": 15, ""action"": ""start_route"", ""success"": false, ""action_class"": ""valid_dispatch_fail"", ""terminated"": false, ""truncated"": false}, {""net_id"": 15, ""action"": ""make_line"", ""success"": false, ""action_class"": ""mask_reject"", ""terminated"": false, ""truncated"": false}, {""net_id"": 15, ""action"": ""net_end"", ""success"": true, ""action_class"": ""valid_effective"", ""terminated"": false, ""truncated"": false}, {""net_id"": 16, ""action"": ""net_select"", ""success"": true, ""action_class"": ""valid_effective"", ""terminated"": false, ""truncated"": false}, {""net_id"": 16, ""action"": ""start_route"", ""success"": false, ""action_class"": ""valid_dispatch_fail"", ""terminated"": false, ""truncated"": false}, {""net_id"": 16, ""action"": ""make_line"", ""success"": false, ""action_class"": ""mask_reject"", ""terminated"": false, ""truncated"": false}, {""net_id"": 16, ""action"": ""net_end"", ""success"": true, ""action_class"": ""valid_effective"", ""terminated"": false, ""truncated"": false}, {""net_id"": 17, ""action"": ""net_select"", ""success"": true, ""action_class"": ""valid_effective"", ""terminated"": false, ""truncated"": false}, {""net_id"": 17, ""action"": ""start_route"", ""success"": false, ""action_class"": ""valid_dispatch_fail"", ""terminated"": false, ""truncated"": false}, {""net_id"": 17, ""action"": ""make_line"", ""success"": false, ""action_class"": ""mask_reject"", ""terminated"": false, ""truncated"": false}, {""net_id"": 17, ""action"": ""net_end"", ""success"": true, ""action_class"": ""valid_effective"", ""terminated"": false, ""truncated"": false}, {""net_id"": 19, ""action"": ""net_select"", ""success"": true, ""action_class"": ""valid_effective"", ""terminated"": false, ""truncated"": false}, {""net_id"": 19, ""action"": ""start_route"", ""success"": false, ""action_class"": ""valid_dispatch_fail"", ""terminated"": false, ""truncated"": false}, {""net_id"": 19, ""action"": ""make_line"", ""success"": false, ""action_class"": ""mask_reject"", ""terminated"": false, ""truncated"": false}, {""net_id"": 19, ""action"": ""net_end"", ""success"": true, ""action_class"": ""valid_effective"", ""terminated"": false, ""truncated"": false}, {""net_id"": 20, ""action"": ""net_select"", ""success"": true, ""action_class"": ""valid_effective"", ""terminated"": false, ""truncated"": false}, {""net_id"": 20, ""action"": ""start_route"", ""success"": false, ""action_class"": ""valid_dispatch_fail"", ""terminated"": false, ""truncated"": false}, {""net_id"": 20, ""action"": ""make_line"", ""success"": false, ""action_class"": ""mask_reject"", ""terminated"": false, ""truncated"": false}, {""net_id"": 20, ""action"": ""net_end"", ""success"": true, ""action_class"": ""valid_effective"", ""terminated"": true, ""truncated"": false}]",False,1.1432081709990598,/content/routescout_phase8b_standalone/artifacts/routed_boards/0260_NiMH-Charger_NiMH Charger__mst_easy_first.kicad_pcb,fb424f7c19f173a2d93a41330980765a5ba913ffad68ac337e85ef99cd908662,
medium,0260_NiMH-Charger_NiMH Charger,NiMH-Charger_NiMH Charger,mst_hard_first,94e55d653ba0ec414dc7ecb9da4412355615e8bfbcc2c1c53a52f74939139047,"[20, 19, 14, 15, 16, 17]","[20, 19, 14, 15, 16, 17]",True,6,0.0,False,6,False,6,6,False,846.0329090953753,0,119,24,12,12,"[{""net_id"": 20, ""action"": ""net_select"", ""success"": true, ""action_class"": ""valid_effective"", ""terminated"": false, ""truncated"": false}, {""net_id"": 20, ""action"": ""start_route"", ""success"": false, ""action_class"": ""valid_dispatch_fail"", ""terminated"": false, ""truncated"": false}, {""net_id"": 20, ""action"": ""make_line"", ""success"": false, ""action_class"": ""mask_reject"", ""terminated"": false, ""truncated"": false}, {""net_id"": 20, ""action"": ""net_end"", ""success"": true, ""action_class"": ""valid_effective"", ""terminated"": false, ""truncated"": false}, {""net_id"": 19, ""action"": ""net_select"", ""success"": true, ""action_class"": ""valid_effective"", ""terminated"": false, ""truncated"": false}, {""net_id"": 19, ""action"": ""start_route"", ""success"": false, ""action_class"": ""valid_dispatch_fail"", ""terminated"": false, ""truncated"": false}, {""net_id"": 19, ""action"": ""make_line"", ""success"": false, ""action_class"": ""mask_reject"", ""terminated"": false, ""truncated"": false}, {""net_id"": 19, ""action"": ""net_end"", ""success"": true, ""action_class"": ""valid_effective"", ""terminated"": false, ""truncated"": false}, {""net_id"": 14, ""action"": ""net_select"", ""success"": true, ""action_class"": ""valid_effective"", ""terminated"": false, ""truncated"": false}, {""net_id"": 14, ""action"": ""start_route"", ""success"": false, ""action_class"": ""valid_dispatch_fail"", ""terminated"": false, ""truncated"": false}, {""net_id"": 14, ""action"": ""make_line"", ""success"": false, ""action_class"": ""mask_reject"", ""terminated"": false, ""truncated"": false}, {""net_id"": 14, ""action"": ""net_end"", ""success"": true, ""action_class"": ""valid_effective"", ""terminated"": false, ""truncated"": false}, {""net_id"": 15, ""action"": ""net_select"", ""success"": true, ""action_class"": ""valid_effective"", ""terminated"": false, ""truncated"": false}, {""net_id"": 15, ""action"": ""start_route"", ""success"": false, ""action_class"": ""valid_dispatch_fail"", ""terminated"": false, ""truncated"": false}, {""net_id"": 15, ""action"": ""make_line"", ""success"": false, ""action_class"": ""mask_reject"", ""terminated"": false, ""truncated"": false}, {""net_id"": 15, ""action"": ""net_end"", ""success"": true, ""action_class"": ""valid_effective"", ""terminated"": false, ""truncated"": false}, {""net_id"": 16, ""action"": ""net_select"", ""success"": true, ""action_class"": ""valid_effective"", ""terminated"": false, ""truncated"": false}, {""net_id"": 16, ""action"": ""start_route"", ""success"": false, ""action_class"": ""valid_dispatch_fail"", ""terminated"": false, ""truncated"": false}, {""net_id"": 16, ""action"": ""make_line"", ""success"": false, ""action_class"": ""mask_reject"", ""terminated"": false, ""truncated"": false}, {""net_id"": 16, ""action"": ""net_end"", ""success"": true, ""action_class"": ""valid_effective"", ""terminated"": false, ""truncated"": false}, {""net_id"": 17, ""action"": ""net_select"", ""success"": true, ""action_class"": ""valid_effective"", ""terminated"": false, ""truncated"": false}, {""net_id"": 17, ""action"": ""start_route"", ""success"": false, ""action_class"": ""valid_dispatch_fail"", ""terminated"": false, ""truncated"": false}, {""net_id"": 17, ""action"": ""make_line"", ""success"": false, ""action_class"": ""mask_reject"", ""terminated"": false, ""truncated"": false}, {""net_id"": 17, ""action"": ""net_end"", ""success"": true, ""action_class"": ""valid_effective"", ""terminated"": true, ""truncated"": false}]",False,1.04664271799993,/content/routescout_phase8b_standalone/artifacts/routed_boards/0260_NiMH-Charger_NiMH Charger__mst_hard_first.kicad_pcb,fb424f7c19f173a2d93a41330980765a5ba913ffad68ac337e85ef99cd908662,
medium,0260_NiMH-Charger_NiMH Charger,NiMH-Charger_NiMH Charger,natural,94e55d653ba0ec414dc7ecb9da4412355615e8bfbcc2c1c53a52f74939139047,"[14, 15, 16, 17, 19, 20]","[14, 15, 16, 17, 19, 20]",True,6,0.0,False,6,False,6,6,False,846.0329090953753,0,119,24,12,12,"[{""net_id"": 14, ""action"": ""net_select"", ""success"": true, ""action_class"": ""valid_effective"", ""terminated"": false, ""truncated"": false}, {""net_id"": 14, ""action"": ""start_route"", ""success"": false, ""action_class"": ""valid_dispatch_fail"", ""terminated"": false, ""truncated"": false}, {""net_id"": 14, ""action"": ""make_line"", ""success"": false, ""action_class"": ""mask_reject"", ""terminated"": false, ""truncated"": false}, {""net_id"": 14, ""action"": ""net_end"", ""success"": true, ""action_class"": ""valid_effective"", ""terminated"": false, ""truncated"": false}, {""net_id"": 15, ""action"": ""net_select"", ""success"": true, ""action_class"": ""valid_effective"", ""terminated"": false, ""truncated"": false}, {""net_id"": 15, ""action"": ""start_route"", ""success"": false, ""action_class"": ""valid_dispatch_fail"", ""terminated"": false, ""truncated"": false}, {""net_id"": 15, ""action"": ""make_line"", ""success"": false, ""action_class"": ""mask_reject"", ""terminated"": false, ""truncated"": false}, {""net_id"": 15, ""action"": ""net_end"", ""success"": true, ""action_class"": ""valid_effective"", ""terminated"": false, ""truncated"": false}, {""net_id"": 16, ""action"": ""net_select"", ""success"": true, ""action_class"": ""valid_effective"", ""terminated"": false, ""truncated"": false}, {""net_id"": 16, ""action"": ""start_route"", ""success"": false, ""action_class"": ""valid_dispatch_fail"", ""terminated"": false, ""truncated"": false}, {""net_id"": 16, ""action"": ""make_line"", ""success"": false, ""action_class"": ""mask_reject"", ""terminated"": false, ""truncated"": false}, {""net_id"": 16, ""action"": ""net_end"", ""success"": true, ""action_class"": ""valid_effective"", ""terminated"": false, ""truncated"": false}, {""net_id"": 17, ""action"": ""net_select"", ""success"": true, ""action_class"": ""valid_effective"", ""terminated"": false, ""truncated"": false}, {""net_id"": 17, ""action"": ""start_route"", ""success"": false, ""action_class"": ""valid_dispatch_fail"", ""terminated"": false, ""truncated"": false}, {""net_id"": 17, ""action"": ""make_line"", ""success"": false, ""action_class"": ""mask_reject"", ""terminated"": false, ""truncated"": false}, {""net_id"": 17, ""action"": ""net_end"", ""success"": true, ""action_class"": ""valid_effective"", ""terminated"": false, ""truncated"": false}, {""net_id"": 19, ""action"": ""net_select"", ""success"": true, ""action_class"": ""valid_effective"", ""terminated"": false, ""truncated"": false}, {""net_id"": 19, ""action"": ""start_route"", ""success"": false, ""action_class"": ""valid_dispatch_fail"", ""terminated"": false, ""truncated"": false}, {""net_id"": 19, ""action"": ""make_line"", ""success"": false, ""action_class"": ""mask_reject"", ""terminated"": false, ""truncated"": false}, {""net_id"": 19, ""action"": ""net_end"", ""success"": true, ""action_class"": ""valid_effective"", ""terminated"": false, ""truncated"": false}, {""net_id"": 20, ""action"": ""net_select"", ""success"": true, ""action_class"": ""valid_effective"", ""terminated"": false, ""truncated"": false}, {""net_id"": 20, ""action"": ""start_route"", ""success"": false, ""action_class"": ""valid_dispatch_fail"", ""terminated"": false, ""truncated"": false}, {""net_id"": 20, ""action"": ""make_line"", ""success"": false, ""action_class"": ""mask_reject"", ""terminated"": false, ""truncated"": false}, {""net_id"": 20, ""action"": ""net_end"", ""success"": true, ""action_class"": ""valid_effective"", ""terminated"": true, ""truncated"": false}]",False,1.0720700369984115,/content/routescout_phase8b_standalone/artifacts/routed_boards/0260_NiMH-Charger_NiMH Charger__natural.kicad_pcb,fb424f7c19f173a2d93a41330980765a5ba913ffad68ac337e85ef99cd908662,
medium,0288_raspberrypi-3-usb-hub_usb_hub,raspberrypi-3-usb-hub_usb_hub,mst_easy_first,2674e9d6e94c6b6beeb166b41d706e206d77de3710c6d634491e7d577b04fce4,"[11, 17, 20, 26, 29, 32, 14, 23]","[11, 17, 20, 26, 29, 32, 14, 23]",True,8,0.0,False,8,False,8,14,False,875.4709298088997,1,149,32,16,16,"[{""net_id"": 11, ""action"": ""net_select"", ""success"": true, ""action_class"": ""valid_effective"", ""terminated"": false, ""truncated"": false}, {""net_id"": 11, ""action"": ""start_route"", ""success"": false, ""action_class"": ""valid_dispatch_fail"", ""terminated"": false, ""truncated"": false}, {""net_id"": 11, ""action"": ""make_line"", ""success"": false, ""action_class"": ""mask_reject"", ""terminated"": false, ""truncated"": false}, {""net_id"": 11, ""action"": ""net_end"", ""success"": true, ""action_class"": ""valid_effective"", ""terminated"": false, ""truncated"": false}, {""net_id"": 17, ""action"": ""net_select"", ""success"": true, ""action_class"": ""valid_effective"", ""terminated"": false, ""truncated"": false}, {""net_id"": 17, ""action"": ""start_route"", ""success"": false, ""action_class"": ""valid_dispatch_fail"", ""terminated"": false, ""truncated"": false}, {""net_id"": 17, ""action"": ""make_line"", ""success"": false, ""action_class"": ""mask_reject"", ""terminated"": false, ""truncated"": false}, {""net_id"": 17, ""action"": ""net_end"", ""success"": true, ""action_class"": ""valid_effective"", ""terminated"": false, ""truncated"": false}, {""net_id"": 20, ""action"": ""net_select"", ""success"": true, ""action_class"": ""valid_effective"", ""terminated"": false, ""truncated"": false}, {""net_id"": 20, ""action"": ""start_route"", ""success"": false, ""action_class"": ""valid_dispatch_fail"", ""terminated"": false, ""truncated"": false}, {""net_id"": 20, ""action"": ""make_line"", ""success"": false, ""action_class"": ""mask_reject"", ""terminated"": false, ""truncated"": false}, {""net_id"": 20, ""action"": ""net_end"", ""success"": true, ""action_class"": ""valid_effective"", ""terminated"": false, ""truncated"": false}, {""net_id"": 26, ""action"": ""net_select"", ""success"": true, ""action_class"": ""valid_effective"", ""terminated"": false, ""truncated"": false}, {""net_id"": 26, ""action"": ""start_route"", ""success"": false, ""action_class"": ""valid_dispatch_fail"", ""terminated"": false, ""truncated"": false}, {""net_id"": 26, ""action"": ""make_line"", ""success"": false, ""action_class"": ""mask_reject"", ""terminated"": false, ""truncated"": false}, {""net_id"": 26, ""action"": ""net_end"", ""success"": true, ""action_class"": ""valid_effective"", ""terminated"": false, ""truncated"": false}, {""net_id"": 29, ""action"": ""net_select"", ""success"": true, ""action_class"": ""valid_effective"", ""terminated"": false, ""truncated"": false}, {""net_id"": 29, ""action"": ""start_route"", ""success"": false, ""action_class"": ""valid_dispatch_fail"", ""terminated"": false, ""truncated"": false}, {""net_id"": 29, ""action"": ""make_line"", ""success"": false, ""action_class"": ""mask_reject"", ""terminated"": false, ""truncated"": false}, {""net_id"": 29, ""action"": ""net_end"", ""success"": true, ""action_class"": ""valid_effective"", ""terminated"": false, ""truncated"": false}, {""net_id"": 32, ""action"": ""net_select"", ""success"": true, ""action_class"": ""valid_effective"", ""terminated"": false, ""truncated"": false}, {""net_id"": 32, ""action"": ""start_route"", ""success"": false, ""action_class"": ""valid_dispatch_fail"", ""terminated"": false, ""truncated"": false}, {""net_id"": 32, ""action"": ""make_line"", ""success"": false, ""action_class"": ""mask_reject"", ""terminated"": false, ""truncated"": false}, {""net_id"": 32, ""action"": ""net_end"", ""success"": true, ""action_class"": ""valid_effective"", ""terminated"": false, ""truncated"": false}, {""net_id"": 14, ""action"": ""net_select"", ""success"": true, ""action_class"": ""valid_effective"", ""terminated"": false, ""truncated"": false}, {""net_id"": 14, ""action"": ""start_route"", ""success"": false, ""action_class"": ""valid_dispatch_fail"", ""terminated"": false, ""truncated"": false}, {""net_id"": 14, ""action"": ""make_line"", ""success"": false, ""action_class"": ""mask_reject"", ""terminated"": false, ""truncated"": false}, {""net_id"": 14, ""action"": ""net_end"", ""success"": true, ""action_class"": ""valid_effective"", ""terminated"": false, ""truncated"": false}, {""net_id"": 23, ""action"": ""net_select"", ""success"": true, ""action_class"": ""valid_effective"", ""terminated"": false, ""truncated"": false}, {""net_id"": 23, ""action"": ""start_route"", ""success"": false, ""action_class"": ""valid_dispatch_fail"", ""terminated"": false, ""truncated"": false}, {""net_id"": 23, ""action"": ""make_line"", ""success"": false, ""action_class"": ""mask_reject"", ""terminated"": false, ""truncated"": false}, {""net_id"": 23, ""action"": ""net_end"", ""success"": true, ""action_class"": ""valid_effective"", ""terminated"": true, ""truncated"": false}]",False,1.563668016999145,/content/routescout_phase8b_standalone/artifacts/routed_boards/0288_raspberrypi-3-usb-hub_usb_hub__mst_easy_first.kicad_pcb,b22b17687fd218313a6777bfcd93258d45c1bffdf5a5c08f38ac65c2b4dbfa3e,
medium,0288_raspberrypi-3-usb-hub_usb_hub,raspberrypi-3-usb-hub_usb_hub,mst_hard_first,2674e9d6e94c6b6beeb166b41d706e206d77de3710c6d634491e7d577b04fce4,"[14, 23, 11, 17, 20, 26, 29, 32]","[14, 23, 11, 17, 20, 26, 29, 32]",True,8,0.0,False,8,False,8,14,False,875.4709298088997,1,149,32,16,16,"[{""net_id"": 14, ""action"": ""net_select"", ""success"": true, ""action_class"": ""valid_effective"", ""terminated"": false, ""truncated"": false}, {""net_id"": 14, ""action"": ""start_route"", ""success"": false, ""action_class"": ""valid_dispatch_fail"", ""terminated"": false, ""truncated"": false}, {""net_id"": 14, ""action"": ""make_line"", ""success"": false, ""action_class"": ""mask_reject"", ""terminated"": false, ""truncated"": false}, {""net_id"": 14, ""action"": ""net_end"", ""success"": true, ""action_class"": ""valid_effective"", ""terminated"": false, ""truncated"": false}, {""net_id"": 23, ""action"": ""net_select"", ""success"": true, ""action_class"": ""valid_effective"", ""terminated"": false, ""truncated"": false}, {""net_id"": 23, ""action"": ""start_route"", ""success"": false, ""action_class"": ""valid_dispatch_fail"", ""terminated"": false, ""truncated"": false}, {""net_id"": 23, ""action"": ""make_line"", ""success"": false, ""action_class"": ""mask_reject"", ""terminated"": false, ""truncated"": false}, {""net_id"": 23, ""action"": ""net_end"", ""success"": true, ""action_class"": ""valid_effective"", ""terminated"": false, ""truncated"": false}, {""net_id"": 11, ""action"": ""net_select"", ""success"": true, ""action_class"": ""valid_effective"", ""terminated"": false, ""truncated"": false}, {""net_id"": 11, ""action"": ""start_route"", ""success"": false, ""action_class"": ""valid_dispatch_fail"", ""terminated"": false, ""truncated"": false}, {""net_id"": 11, ""action"": ""make_line"", ""success"": false, ""action_class"": ""mask_reject"", ""terminated"": false, ""truncated"": false}, {""net_id"": 11, ""action"": ""net_end"", ""success"": true, ""action_class"": ""valid_effective"", ""terminated"": false, ""truncated"": false}, {""net_id"": 17, ""action"": ""net_select"", ""success"": true, ""action_class"": ""valid_effective"", ""terminated"": false, ""truncated"": false}, {""net_id"": 17, ""action"": ""start_route"", ""success"": false, ""action_class"": ""valid_dispatch_fail"", ""terminated"": false, ""truncated"": false}, {""net_id"": 17, ""action"": ""make_line"", ""success"": false, ""action_class"": ""mask_reject"", ""terminated"": false, ""truncated"": false}, {""net_id"": 17, ""action"": ""net_end"", ""success"": true, ""action_class"": ""valid_effective"", ""terminated"": false, ""truncated"": false}, {""net_id"": 20, ""action"": ""net_select"", ""success"": true, ""action_class"": ""valid_effective"", ""terminated"": false, ""truncated"": false}, {""net_id"": 20, ""action"": ""start_route"", ""success"": false, ""action_class"": ""valid_dispatch_fail"", ""terminated"": false, ""truncated"": false}, {""net_id"": 20, ""action"": ""make_line"", ""success"": false, ""action_class"": ""mask_reject"", ""terminated"": false, ""truncated"": false}, {""net_id"": 20, ""action"": ""net_end"", ""success"": true, ""action_class"": ""valid_effective"", ""terminated"": false, ""truncated"": false}, {""net_id"": 26, ""action"": ""net_select"", ""success"": true, ""action_class"": ""valid_effective"", ""terminated"": false, ""truncated"": false}, {""net_id"": 26, ""action"": ""start_route"", ""success"": false, ""action_class"": ""valid_dispatch_fail"", ""terminated"": false, ""truncated"": false}, {""net_id"": 26, ""action"": ""make_line"", ""success"": false, ""action_class"": ""mask_reject"", ""terminated"": false, ""truncated"": false}, {""net_id"": 26, ""action"": ""net_end"", ""success"": true, ""action_class"": ""valid_effective"", ""terminated"": false, ""truncated"": false}, {""net_id"": 29, ""action"": ""net_select"", ""success"": true, ""action_class"": ""valid_effective"", ""terminated"": false, ""truncated"": false}, {""net_id"": 29, ""action"": ""start_route"", ""success"": false, ""action_class"": ""valid_dispatch_fail"", ""terminated"": false, ""truncated"": false}, {""net_id"": 29, ""action"": ""make_line"", ""success"": false, ""action_class"": ""mask_reject"", ""terminated"": false, ""truncated"": false}, {""net_id"": 29, ""action"": ""net_end"", ""success"": true, ""action_class"": ""valid_effective"", ""terminated"": false, ""truncated"": false}, {""net_id"": 32, ""action"": ""net_select"", ""success"": true, ""action_class"": ""valid_effective"", ""terminated"": false, ""truncated"": false}, {""net_id"": 32, ""action"": ""start_route"", ""success"": false, ""action_class"": ""valid_dispatch_fail"", ""terminated"": false, ""truncated"": false}, {""net_id"": 32, ""action"": ""make_line"", ""success"": false, ""action_class"": ""mask_reject"", ""terminated"": false, ""truncated"": false}, {""net_id"": 32, ""action"": ""net_end"", ""success"": true, ""action_class"": ""valid_effective"", ""terminated"": true, ""truncated"": false}]",False,1.5185539440008142,/content/routescout_phase8b_standalone/artifacts/routed_boards/0288_raspberrypi-3-usb-hub_usb_hub__mst_hard_first.kicad_pcb,b22b17687fd218313a6777bfcd93258d45c1bffdf5a5c08f38ac65c2b4dbfa3e,
medium,0288_raspberrypi-3-usb-hub_usb_hub,raspberrypi-3-usb-hub_usb_hub,natural,2674e9d6e94c6b6beeb166b41d706e206d77de3710c6d634491e7d577b04fce4,"[11, 14, 17, 20, 23, 26, 29, 32]","[11, 14, 17, 20, 23, 26, 29, 32]",True,8,0.0,False,8,False,8,14,False,875.4709298088997,1,149,32,16,16,"[{""net_id"": 11, ""action"": ""net_select"", ""success"": true, ""action_class"": ""valid_effective"", ""terminated"": false, ""truncated"": false}, {""net_id"": 11, ""action"": ""start_route"", ""success"": false, ""action_class"": ""valid_dispatch_fail"", ""terminated"": false, ""truncated"": false}, {""net_id"": 11, ""action"": ""make_line"", ""success"": false, ""action_class"": ""mask_reject"", ""terminated"": false, ""truncated"": false}, {""net_id"": 11, ""action"": ""net_end"", ""success"": true, ""action_class"": ""valid_effective"", ""terminated"": false, ""truncated"": false}, {""net_id"": 14, ""action"": ""net_select"", ""success"": true, ""action_class"": ""valid_effective"", ""terminated"": false, ""truncated"": false}, {""net_id"": 14, ""action"": ""start_route"", ""success"": false, ""action_class"": ""valid_dispatch_fail"", ""terminated"": false, ""truncated"": false}, {""net_id"": 14, ""action"": ""make_line"", ""success"": false, ""action_class"": ""mask_reject"", ""terminated"": false, ""truncated"": false}, {""net_id"": 14, ""action"": ""net_end"", ""success"": true, ""action_class"": ""valid_effective"", ""terminated"": false, ""truncated"": false}, {""net_id"": 17, ""action"": ""net_select"", ""success"": true, ""action_class"": ""valid_effective"", ""terminated"": false, ""truncated"": false}, {""net_id"": 17, ""action"": ""start_route"", ""success"": false, ""action_class"": ""valid_dispatch_fail"", ""terminated"": false, ""truncated"": false}, {""net_id"": 17, ""action"": ""make_line"", ""success"": false, ""action_class"": ""mask_reject"", ""terminated"": false, ""truncated"": false}, {""net_id"": 17, ""action"": ""net_end"", ""success"": true, ""action_class"": ""valid_effective"", ""terminated"": false, ""truncated"": false}, {""net_id"": 20, ""action"": ""net_select"", ""success"": true, ""action_class"": ""valid_effective"", ""terminated"": false, ""truncated"": false}, {""net_id"": 20, ""action"": ""start_route"", ""success"": false, ""action_class"": ""valid_dispatch_fail"", ""terminated"": false, ""truncated"": false}, {""net_id"": 20, ""action"": ""make_line"", ""success"": false, ""action_class"": ""mask_reject"", ""terminated"": false, ""truncated"": false}, {""net_id"": 20, ""action"": ""net_end"", ""success"": true, ""action_class"": ""valid_effective"", ""terminated"": false, ""truncated"": false}, {""net_id"": 23, ""action"": ""net_select"", ""success"": true, ""action_class"": ""valid_effective"", ""terminated"": false, ""truncated"": false}, {""net_id"": 23, ""action"": ""start_route"", ""success"": false, ""action_class"": ""valid_dispatch_fail"", ""terminated"": false, ""truncated"": false}, {""net_id"": 23, ""action"": ""make_line"", ""success"": false, ""action_class"": ""mask_reject"", ""terminated"": false, ""truncated"": false}, {""net_id"": 23, ""action"": ""net_end"", ""success"": true, ""action_class"": ""valid_effective"", ""terminated"": false, ""truncated"": false}, {""net_id"": 26, ""action"": ""net_select"", ""success"": true, ""action_class"": ""valid_effective"", ""terminated"": false, ""truncated"": false}, {""net_id"": 26, ""action"": ""start_route"", ""success"": false, ""action_class"": ""valid_dispatch_fail"", ""terminated"": false, ""truncated"": false}, {""net_id"": 26, ""action"": ""make_line"", ""success"": false, ""action_class"": ""mask_reject"", ""terminated"": false, ""truncated"": false}, {""net_id"": 26, ""action"": ""net_end"", ""success"": true, ""action_class"": ""valid_effective"", ""terminated"": false, ""truncated"": false}, {""net_id"": 29, ""action"": ""net_select"", ""success"": true, ""action_class"": ""valid_effective"", ""terminated"": false, ""truncated"": false}, {""net_id"": 29, ""action"": ""start_route"", ""success"": false, ""action_class"": ""valid_dispatch_fail"", ""terminated"": false, ""truncated"": false}, {""net_id"": 29, ""action"": ""make_line"", ""success"": false, ""action_class"": ""mask_reject"", ""terminated"": false, ""truncated"": false}, {""net_id"": 29, ""action"": ""net_end"", ""success"": true, ""action_class"": ""valid_effective"", ""terminated"": false, ""truncated"": false}, {""net_id"": 32, ""action"": ""net_select"", ""success"": true, ""action_class"": ""valid_effective"", ""terminated"": false, ""truncated"": false}, {""net_id"": 32, ""action"": ""start_route"", ""success"": false, ""action_class"": ""valid_dispatch_fail"", ""terminated"": false, ""truncated"": false}, {""net_id"": 32, ""action"": ""make_line"", ""success"": false, ""action_class"": ""mask_reject"", ""terminated"": false, ""truncated"": false}, {""net_id"": 32, ""action"": ""net_end"", ""success"": true, ""action_class"": ""valid_effective"", ""terminated"": true, ""truncated"": false}]",False,1.7189899760014669,/content/routescout_phase8b_standalone/artifacts/routed_boards/0288_raspberrypi-3-usb-hub_usb_hub__natural.kicad_pcb,b22b17687fd218313a6777bfcd93258d45c1bffdf5a5c08f38ac65c2b4dbfa3e,
medium,0316_kicad-workshop_fancyboard,kicad-workshop_fancyboard,mst_easy_first,73ac02a01afcc3976edc92fe7ff0eee4a55a4fb366f0f9d3ee2d7a18ca995eb7,"[44, 43, 4, 46, 45, 31, 32]","[44, 43, 4, 46, 45, 31, 32]",True,7,0.8571428571428571,False,1,False,1,1,False,492.9083916011032,4,190,28,27,1,"[{""net_id"": 44, ""action"": ""net_select"", ""success"": true, ""action_class"": ""valid_effective"", ""terminated"": false, ""truncated"": false}, {""net_id"": 44, ""action"": ""start_route"", ""success"": true, ""action_class"": ""valid_effective"", ""terminated"": false, ""truncated"": false}, {""net_id"": 44, ""action"": ""make_line"", ""success"": true, ""action_class"": ""valid_effective"", ""terminated"": false, ""truncated"": false}, {""net_id"": 44, ""action"": ""net_end"", ""success"": true, ""action_class"": ""valid_effective"", ""terminated"": false, ""truncated"": false}, {""net_id"": 43, ""action"": ""net_select"", ""success"": true, ""action_class"": ""valid_effective"", ""terminated"": false, ""truncated"": false}, {""net_id"": 43, ""action"": ""start_route"", ""success"": true, ""action_class"": ""valid_effective"", ""terminated"": false, ""truncated"": false}, {""net_id"": 43, ""action"": ""make_line"", ""success"": true, ""action_class"": ""valid_effective"", ""terminated"": false, ""truncated"": false}, {""net_id"": 43, ""action"": ""net_end"", ""success"": true, ""action_class"": ""valid_effective"", ""terminated"": false, ""truncated"": false}, {""net_id"": 4, ""action"": ""net_select"", ""success"": true, ""action_class"": ""valid_effective"", ""terminated"": false, ""truncated"": false}, {""net_id"": 4, ""action"": ""start_route"", ""success"": true, ""action_class"": ""valid_effective"", ""terminated"": false, ""truncated"": false}, {""net_id"": 4, ""action"": ""make_line"", ""success"": true, ""action_class"": ""valid_effective"", ""terminated"": false, ""truncated"": false}, {""net_id"": 4, ""action"": ""net_end"", ""success"": true, ""action_class"": ""valid_effective"", ""terminated"": false, ""truncated"": false}, {""net_id"": 46, ""action"": ""net_select"", ""success"": true, ""action_class"": ""valid_effective"", ""terminated"": false, ""truncated"": false}, {""net_id"": 46, ""action"": ""start_route"", ""success"": true, ""action_class"": ""valid_effective"", ""terminated"": false, ""truncated"": false}, {""net_id"": 46, ""action"": ""make_line"", ""success"": true, ""action_class"": ""valid_effective"", ""terminated"": false, ""truncated"": false}, {""net_id"": 46, ""action"": ""net_end"", ""success"": true, ""action_class"": ""valid_effective"", ""terminated"": false, ""truncated"": false}, {""net_id"": 45, ""action"": ""net_select"", ""success"": true, ""action_class"": ""valid_effective"", ""terminated"": false, ""truncated"": false}, {""net_id"": 45, ""action"": ""start_route"", ""success"": true, ""action_class"": ""valid_effective"", ""terminated"": false, ""truncated"": false}, {""net_id"": 45, ""action"": ""make_line"", ""success"": true, ""action_class"": ""valid_effective"", ""terminated"": false, ""truncated"": false}, {""net_id"": 45, ""action"": ""net_end"", ""success"": true, ""action_class"": ""valid_effective"", ""terminated"": false, ""truncated"": false}, {""net_id"": 31, ""action"": ""net_select"", ""success"": true, ""action_class"": ""valid_effective"", ""terminated"": false, ""truncated"": false}, {""net_id"": 31, ""action"": ""start_route"", ""success"": true, ""action_class"": ""valid_effective"", ""terminated"": false, ""truncated"": false}, {""net_id"": 31, ""action"": ""make_line"", ""success"": true, ""action_class"": ""valid_effective"", ""terminated"": false, ""truncated"": false}, {""net_id"": 31, ""action"": ""net_end"", ""success"": true, ""action_class"": ""valid_effective"", ""terminated"": false, ""truncated"": false}, {""net_id"": 32, ""action"": ""net_select"", ""success"": true, ""action_class"": ""valid_effective"", ""terminated"": false, ""truncated"": false}, {""net_id"": 32, ""action"": ""start_route"", ""success"": true, ""action_class"": ""valid_effective"", ""terminated"": false, ""truncated"": false}, {""net_id"": 32, ""action"": ""make_line"", ""success"": false, ""action_class"": ""valid_dispatch_fail"", ""terminated"": false, ""truncated"": false}, {""net_id"": 32, ""action"": ""net_end"", ""success"": true, ""action_class"": ""valid_effective"", ""terminated"": true, ""truncated"": false}]",False,3.53645494400007,/content/routescout_phase8b_standalone/artifacts/routed_boards/0316_kicad-workshop_fancyboard__mst_easy_first.kicad_pcb,712af89ca3ddd40c5df2f3eb8d4d77448a7c9efac81dedbb7192880ed77a7f63,
medium,0316_kicad-workshop_fancyboard,kicad-workshop_fancyboard,mst_hard_first,73ac02a01afcc3976edc92fe7ff0eee4a55a4fb366f0f9d3ee2d7a18ca995eb7,"[32, 31, 45, 46, 4, 43, 44]","[32, 31, 45, 46, 4, 43, 44]",True,7,0.7142857142857143,False,2,False,2,2,False,485.28025149143264,4,183,28,26,2,"[{""net_id"": 32, ""action"": ""net_select"", ""success"": true, ""action_class"": ""valid_effective"", ""terminated"": false, ""truncated"": false}, {""net_id"": 32, ""action"": ""start_route"", ""success"": true, ""action_class"": ""valid_effective"", ""terminated"": false, ""truncated"": false}, {""net_id"": 32, ""action"": ""make_line"", ""success"": true, ""action_class"": ""valid_effective"", ""terminated"": false, ""truncated"": false}, {""net_id"": 32, ""action"": ""net_end"", ""success"": true, ""action_class"": ""valid_effective"", ""terminated"": false, ""truncated"": false}, {""net_id"": 31, ""action"": ""net_select"", ""success"": true, ""action_class"": ""valid_effective"", ""terminated"": false, ""truncated"": false}, {""net_id"": 31, ""action"": ""start_route"", ""success"": true, ""action_class"": ""valid_effective"", ""terminated"": false, ""truncated"": false}, {""net_id"": 31, ""action"": ""make_line"", ""success"": true, ""action_class"": ""valid_effective"", ""terminated"": false, ""truncated"": false}, {""net_id"": 31, ""action"": ""net_end"", ""success"": true, ""action_class"": ""valid_effective"", ""terminated"": false, ""truncated"": false}, {""net_id"": 45, ""action"": ""net_select"", ""success"": true, ""action_class"": ""valid_effective"", ""terminated"": false, ""truncated"": false}, {""net_id"": 45, ""action"": ""start_route"", ""success"": true, ""action_class"": ""valid_effective"", ""terminated"": false, ""truncated"": false}, {""net_id"": 45, ""action"": ""make_line"", ""success"": false, ""action_class"": ""valid_dispatch_fail"", ""terminated"": false, ""truncated"": false}, {""net_id"": 45, ""action"": ""net_end"", ""success"": true, ""action_class"": ""valid_effective"", ""terminated"": false, ""truncated"": false}, {""net_id"": 46, ""action"": ""net_select"", ""success"": true, ""action_class"": ""valid_effective"", ""terminated"": false, ""truncated"": false}, {""net_id"": 46, ""action"": ""start_route"", ""success"": true, ""action_class"": ""valid_effective"", ""terminated"": false, ""truncated"": false}, {""net_id"": 46, ""action"": ""make_line"", ""success"": false, ""action_class"": ""valid_dispatch_fail"", ""terminated"": false, ""truncated"": false}, {""net_id"": 46, ""action"": ""net_end"", ""success"": true, ""action_class"": ""valid_effective"", ""terminated"": false, ""truncated"": false}, {""net_id"": 4, ""action"": ""net_select"", ""success"": true, ""action_class"": ""valid_effective"", ""terminated"": false, ""truncated"": false}, {""net_id"": 4, ""action"": ""start_route"", ""success"": true, ""action_class"": ""valid_effective"", ""terminated"": false, ""truncated"": false}, {""net_id"": 4, ""action"": ""make_line"", ""success"": true, ""action_class"": ""valid_effective"", ""terminated"": false, ""truncated"": false}, {""net_id"": 4, ""action"": ""net_end"", ""success"": true, ""action_class"": ""valid_effective"", ""terminated"": false, ""truncated"": false}, {""net_id"": 43, ""action"": ""net_select"", ""success"": true, ""action_class"": ""valid_effective"", ""terminated"": false, ""truncated"": false}, {""net_id"": 43, ""action"": ""start_route"", ""success"": true, ""action_class"": ""valid_effective"", ""terminated"": false, ""truncated"": false}, {""net_id"": 43, ""action"": ""make_line"", ""success"": true, ""action_class"": ""valid_effective"", ""terminated"": false, ""truncated"": false}, {""net_id"": 43, ""action"": ""net_end"", ""success"": true, ""action_class"": ""valid_effective"", ""terminated"": false, ""truncated"": false}, {""net_id"": 44, ""action"": ""net_select"", ""success"": true, ""action_class"": ""valid_effective"", ""terminated"": false, ""truncated"": false}, {""net_id"": 44, ""action"": ""start_route"", ""success"": true, ""action_class"": ""valid_effective"", ""terminated"": false, ""truncated"": false}, {""net_id"": 44, ""action"": ""make_line"", ""success"": true, ""action_class"": ""valid_effective"", ""terminated"": false, ""truncated"": false}, {""net_id"": 44, ""action"": ""net_end"", ""success"": true, ""action_class"": ""valid_effective"", ""terminated"": true, ""truncated"": false}]",False,1.9577438129999791,/content/routescout_phase8b_standalone/artifacts/routed_boards/0316_kicad-workshop_fancyboard__mst_hard_first.kicad_pcb,1933fd669209e19fb482f8fb1fc65d8717b2bfb8c48aec7b15d299af1a13ec88,
medium,0316_kicad-workshop_fancyboard,kicad-workshop_fancyboard,natural,73ac02a01afcc3976edc92fe7ff0eee4a55a4fb366f0f9d3ee2d7a18ca995eb7,"[4, 31, 32, 43, 44, 45, 46]","[4, 31, 32, 43, 44, 45, 46]",True,7,0.5714285714285714,False,3,False,3,3,False,455.05251971190415,4,180,28,25,3,"[{""net_id"": 4, ""action"": ""net_select"", ""success"": true, ""action_class"": ""valid_effective"", ""terminated"": false, ""truncated"": false}, {""net_id"": 4, ""action"": ""start_route"", ""success"": true, ""action_class"": ""valid_effective"", ""terminated"": false, ""truncated"": false}, {""net_id"": 4, ""action"": ""make_line"", ""success"": true, ""action_class"": ""valid_effective"", ""terminated"": false, ""truncated"": false}, {""net_id"": 4, ""action"": ""net_end"", ""success"": true, ""action_class"": ""valid_effective"", ""terminated"": false, ""truncated"": false}, {""net_id"": 31, ""action"": ""net_select"", ""success"": true, ""action_class"": ""valid_effective"", ""terminated"": false, ""truncated"": false}, {""net_id"": 31, ""action"": ""start_route"", ""success"": true, ""action_class"": ""valid_effective"", ""terminated"": false, ""truncated"": false}, {""net_id"": 31, ""action"": ""make_line"", ""success"": true, ""action_class"": ""valid_effective"", ""terminated"": false, ""truncated"": false}, {""net_id"": 31, ""action"": ""net_end"", ""success"": true, ""action_class"": ""valid_effective"", ""terminated"": false, ""truncated"": false}, {""net_id"": 32, ""action"": ""net_select"", ""success"": true, ""action_class"": ""valid_effective"", ""terminated"": false, ""truncated"": false}, {""net_id"": 32, ""action"": ""start_route"", ""success"": true, ""action_class"": ""valid_effective"", ""terminated"": false, ""truncated"": false}, {""net_id"": 32, ""action"": ""make_line"", ""success"": false, ""action_class"": ""valid_dispatch_fail"", ""terminated"": false, ""truncated"": false}, {""net_id"": 32, ""action"": ""net_end"", ""success"": true, ""action_class"": ""valid_effective"", ""terminated"": false, ""truncated"": false}, {""net_id"": 43, ""action"": ""net_select"", ""success"": true, ""action_class"": ""valid_effective"", ""terminated"": false, ""truncated"": false}, {""net_id"": 43, ""action"": ""start_route"", ""success"": true, ""action_class"": ""valid_effective"", ""terminated"": false, ""truncated"": false}, {""net_id"": 43, ""action"": ""make_line"", ""success"": true, ""action_class"": ""valid_effective"", ""terminated"": false, ""truncated"": false}, {""net_id"": 43, ""action"": ""net_end"", ""success"": true, ""action_class"": ""valid_effective"", ""terminated"": false, ""truncated"": false}, {""net_id"": 44, ""action"": ""net_select"", ""success"": true, ""action_class"": ""valid_effective"", ""terminated"": false, ""truncated"": false}, {""net_id"": 44, ""action"": ""start_route"", ""success"": true, ""action_class"": ""valid_effective"", ""terminated"": false, ""truncated"": false}, {""net_id"": 44, ""action"": ""make_line"", ""success"": true, ""action_class"": ""valid_effective"", ""terminated"": false, ""truncated"": false}, {""net_id"": 44, ""action"": ""net_end"", ""success"": true, ""action_class"": ""valid_effective"", ""terminated"": false, ""truncated"": false}, {""net_id"": 45, ""action"": ""net_select"", ""success"": true, ""action_class"": ""valid_effective"", ""terminated"": false, ""truncated"": false}, {""net_id"": 45, ""action"": ""start_route"", ""success"": true, ""action_class"": ""valid_effective"", ""terminated"": false, ""truncated"": false}, {""net_id"": 45, ""action"": ""make_line"", ""success"": false, ""action_class"": ""valid_dispatch_fail"", ""terminated"": false, ""truncated"": false}, {""net_id"": 45, ""action"": ""net_end"", ""success"": true, ""action_class"": ""valid_effective"", ""terminated"": false, ""truncated"": false}, {""net_id"": 46, ""action"": ""net_select"", ""success"": true, ""action_class"": ""valid_effective"", ""terminated"": false, ""truncated"": false}, {""net_id"": 46, ""action"": ""start_route"", ""success"": true, ""action_class"": ""valid_effective"", ""terminated"": false, ""truncated"": false}, {""net_id"": 46, ""action"": ""make_line"", ""success"": false, ""action_class"": ""valid_dispatch_fail"", ""terminated"": false, ""truncated"": false}, {""net_id"": 46, ""action"": ""net_end"", ""success"": true, ""action_class"": ""valid_effective"", ""terminated"": true, ""truncated"": false}]",False,1.7271893680008361,/content/routescout_phase8b_standalone/artifacts/routed_boards/0316_kicad-workshop_fancyboard__natural.kicad_pcb,8fb04b793c4dfab2ccabe5d20d1c526d087dc6a5c7e87d23f8efd2c13fb409f4,
medium,0344_mavbridge_mavbridge,mavbridge_mavbridge,mst_easy_first,9a7cf2c1fe420e9ad51b6b983193bcfac89cf1b18833782450c314f090b59841,"[4, 5, 12, 11, 10, 18]","[4, 5, 12, 11, 10, 18]",True,6,1.0,True,0,True,0,2,True,509.49495077389594,30,269,24,24,0,"[{""net_id"": 4, ""action"": ""net_select"", ""success"": true, ""action_class"": ""valid_effective"", ""terminated"": false, ""truncated"": false}, {""net_id"": 4, ""action"": ""start_route"", ""success"": true, ""action_class"": ""valid_effective"", ""terminated"": false, ""truncated"": false}, {""net_id"": 4, ""action"": ""make_line"", ""success"": true, ""action_class"": ""valid_effective"", ""terminated"": false, ""truncated"": false}, {""net_id"": 4, ""action"": ""net_end"", ""success"": true, ""action_class"": ""valid_effective"", ""terminated"": false, ""truncated"": false}, {""net_id"": 5, ""action"": ""net_select"", ""success"": true, ""action_class"": ""valid_effective"", ""terminated"": false, ""truncated"": false}, {""net_id"": 5, ""action"": ""start_route"", ""success"": true, ""action_class"": ""valid_effective"", ""terminated"": false, ""truncated"": false}, {""net_id"": 5, ""action"": ""make_line"", ""success"": true, ""action_class"": ""valid_effective"", ""terminated"": false, ""truncated"": false}, {""net_id"": 5, ""action"": ""net_end"", ""success"": true, ""action_class"": ""valid_effective"", ""terminated"": false, ""truncated"": false}, {""net_id"": 12, ""action"": ""net_select"", ""success"": true, ""action_class"": ""valid_effective"", ""terminated"": false, ""truncated"": false}, {""net_id"": 12, ""action"": ""start_route"", ""success"": true, ""action_class"": ""valid_effective"", ""terminated"": false, ""truncated"": false}, {""net_id"": 12, ""action"": ""make_line"", ""success"": true, ""action_class"": ""valid_effective"", ""terminated"": false, ""truncated"": false}, {""net_id"": 12, ""action"": ""net_end"", ""success"": true, ""action_class"": ""valid_effective"", ""terminated"": false, ""truncated"": false}, {""net_id"": 11, ""action"": ""net_select"", ""success"": true, ""action_class"": ""valid_effective"", ""terminated"": false, ""truncated"": false}, {""net_id"": 11, ""action"": ""start_route"", ""success"": true, ""action_class"": ""valid_effective"", ""terminated"": false, ""truncated"": false}, {""net_id"": 11, ""action"": ""make_line"", ""success"": true, ""action_class"": ""valid_effective"", ""terminated"": false, ""truncated"": false}, {""net_id"": 11, ""action"": ""net_end"", ""success"": true, ""action_class"": ""valid_effective"", ""terminated"": false, ""truncated"": false}, {""net_id"": 10, ""action"": ""net_select"", ""success"": true, ""action_class"": ""valid_effective"", ""terminated"": false, ""truncated"": false}, {""net_id"": 10, ""action"": ""start_route"", ""success"": true, ""action_class"": ""valid_effective"", ""terminated"": false, ""truncated"": false}, {""net_id"": 10, ""action"": ""make_line"", ""success"": true, ""action_class"": ""valid_effective"", ""terminated"": false, ""truncated"": false}, {""net_id"": 10, ""action"": ""net_end"", ""success"": true, ""action_class"": ""valid_effective"", ""terminated"": false, ""truncated"": false}, {""net_id"": 18, ""action"": ""net_select"", ""success"": true, ""action_class"": ""valid_effective"", ""terminated"": false, ""truncated"": false}, {""net_id"": 18, ""action"": ""start_route"", ""success"": true, ""action_class"": ""valid_effective"", ""terminated"": false, ""truncated"": false}, {""net_id"": 18, ""action"": ""make_line"", ""success"": true, ""action_class"": ""valid_effective"", ""terminated"": true, ""truncated"": false}, {""net_id"": 18, ""action"": ""net_end"", ""success"": true, ""action_class"": ""valid_effective"", ""terminated"": true, ""truncated"": false}]",False,1.4196543930011103,/content/routescout_phase8b_standalone/artifacts/routed_boards/0344_mavbridge_mavbridge__mst_easy_first.kicad_pcb,16bf4b64298e14efe44728a114a6389b03dae0c1ffd037d566efa400c662c977,
medium,0344_mavbridge_mavbridge,mavbridge_mavbridge,mst_hard_first,9a7cf2c1fe420e9ad51b6b983193bcfac89cf1b18833782450c314f090b59841,"[18, 10, 11, 12, 5, 4]","[18, 10, 11, 12, 5, 4]",True,6,1.0,True,0,True,0,2,True,509.49495077389594,30,269,24,24,0,"[{""net_id"": 18, ""action"": ""net_select"", ""success"": true, ""action_class"": ""valid_effective"", ""terminated"": false, ""truncated"": false}, {""net_id"": 18, ""action"": ""start_route"", ""success"": true, ""action_class"": ""valid_effective"", ""terminated"": false, ""truncated"": false}, {""net_id"": 18, ""action"": ""make_line"", ""success"": true, ""action_class"": ""valid_effective"", ""terminated"": false, ""truncated"": false}, {""net_id"": 18, ""action"": ""net_end"", ""success"": true, ""action_class"": ""valid_effective"", ""terminated"": false, ""truncated"": false}, {""net_id"": 10, ""action"": ""net_select"", ""success"": true, ""action_class"": ""valid_effective"", ""terminated"": false, ""truncated"": false}, {""net_id"": 10, ""action"": ""start_route"", ""success"": true, ""action_class"": ""valid_effective"", ""terminated"": false, ""truncated"": false}, {""net_id"": 10, ""action"": ""make_line"", ""success"": true, ""action_class"": ""valid_effective"", ""terminated"": false, ""truncated"": false}, {""net_id"": 10, ""action"": ""net_end"", ""success"": true, ""action_class"": ""valid_effective"", ""terminated"": false, ""truncated"": false}, {""net_id"": 11, ""action"": ""net_select"", ""success"": true, ""action_class"": ""valid_effective"", ""terminated"": false, ""truncated"": false}, {""net_id"": 11, ""action"": ""start_route"", ""success"": true, ""action_class"": ""valid_effective"", ""terminated"": false, ""truncated"": false}, {""net_id"": 11, ""action"": ""make_line"", ""success"": true, ""action_class"": ""valid_effective"", ""terminated"": false, ""truncated"": false}, {""net_id"": 11, ""action"": ""net_end"", ""success"": true, ""action_class"": ""valid_effective"", ""terminated"": false, ""truncated"": false}, {""net_id"": 12, ""action"": ""net_select"", ""success"": true, ""action_class"": ""valid_effective"", ""terminated"": false, ""truncated"": false}, {""net_id"": 12, ""action"": ""start_route"", ""success"": true, ""action_class"": ""valid_effective"", ""terminated"": false, ""truncated"": false}, {""net_id"": 12, ""action"": ""make_line"", ""success"": true, ""action_class"": ""valid_effective"", ""terminated"": false, ""truncated"": false}, {""net_id"": 12, ""action"": ""net_end"", ""success"": true, ""action_class"": ""valid_effective"", ""terminated"": false, ""truncated"": false}, {""net_id"": 5, ""action"": ""net_select"", ""success"": true, ""action_class"": ""valid_effective"", ""terminated"": false, ""truncated"": false}, {""net_id"": 5, ""action"": ""start_route"", ""success"": true, ""action_class"": ""valid_effective"", ""terminated"": false, ""truncated"": false}, {""net_id"": 5, ""action"": ""make_line"", ""success"": true, ""action_class"": ""valid_effective"", ""terminated"": false, ""truncated"": false}, {""net_id"": 5, ""action"": ""net_end"", ""success"": true, ""action_class"": ""valid_effective"", ""terminated"": false, ""truncated"": false}, {""net_id"": 4, ""action"": ""net_select"", ""success"": true, ""action_class"": ""valid_effective"", ""terminated"": false, ""truncated"": false}, {""net_id"": 4, ""action"": ""start_route"", ""success"": true, ""action_class"": ""valid_effective"", ""terminated"": false, ""truncated"": false}, {""net_id"": 4, ""action"": ""make_line"", ""success"": true, ""action_class"": ""valid_effective"", ""terminated"": true, ""truncated"": false}, {""net_id"": 4, ""action"": ""net_end"", ""success"": true, ""action_class"": ""valid_effective"", ""terminated"": true, ""truncated"": false}]",False,1.3634639990013966,/content/routescout_phase8b_standalone/artifacts/routed_boards/0344_mavbridge_mavbridge__mst_hard_first.kicad_pcb,767e18c3575ceafa4ca1084830c57b2e3d65f597da1fb694866ca5867e7c6b23,
medium,0344_mavbridge_mavbridge,mavbridge_mavbridge,natural,9a7cf2c1fe420e9ad51b6b983193bcfac89cf1b18833782450c314f090b59841,"[4, 5, 10, 11, 12, 18]","[4, 5, 10, 11, 12, 18]",True,6,1.0,True,0,True,0,2,True,509.49495077389594,30,269,24,24,0,"[{""net_id"": 4, ""action"": ""net_select"", ""success"": true, ""action_class"": ""valid_effective"", ""terminated"": false, ""truncated"": false}, {""net_id"": 4, ""action"": ""start_route"", ""success"": true, ""action_class"": ""valid_effective"", ""terminated"": false, ""truncated"": false}, {""net_id"": 4, ""action"": ""make_line"", ""success"": true, ""action_class"": ""valid_effective"", ""terminated"": false, ""truncated"": false}, {""net_id"": 4, ""action"": ""net_end"", ""success"": true, ""action_class"": ""valid_effective"", ""terminated"": false, ""truncated"": false}, {""net_id"": 5, ""action"": ""net_select"", ""success"": true, ""action_class"": ""valid_effective"", ""terminated"": false, ""truncated"": false}, {""net_id"": 5, ""action"": ""start_route"", ""success"": true, ""action_class"": ""valid_effective"", ""terminated"": false, ""truncated"": false}, {""net_id"": 5, ""action"": ""make_line"", ""success"": true, ""action_class"": ""valid_effective"", ""terminated"": false, ""truncated"": false}, {""net_id"": 5, ""action"": ""net_end"", ""success"": true, ""action_class"": ""valid_effective"", ""terminated"": false, ""truncated"": false}, {""net_id"": 10, ""action"": ""net_select"", ""success"": true, ""action_class"": ""valid_effective"", ""terminated"": false, ""truncated"": false}, {""net_id"": 10, ""action"": ""start_route"", ""success"": true, ""action_class"": ""valid_effective"", ""terminated"": false, ""truncated"": false}, {""net_id"": 10, ""action"": ""make_line"", ""success"": true, ""action_class"": ""valid_effective"", ""terminated"": false, ""truncated"": false}, {""net_id"": 10, ""action"": ""net_end"", ""success"": true, ""action_class"": ""valid_effective"", ""terminated"": false, ""truncated"": false}, {""net_id"": 11, ""action"": ""net_select"", ""success"": true, ""action_class"": ""valid_effective"", ""terminated"": false, ""truncated"": false}, {""net_id"": 11, ""action"": ""start_route"", ""success"": true, ""action_class"": ""valid_effective"", ""terminated"": false, ""truncated"": false}, {""net_id"": 11, ""action"": ""make_line"", ""success"": true, ""action_class"": ""valid_effective"", ""terminated"": false, ""truncated"": false}, {""net_id"": 11, ""action"": ""net_end"", ""success"": true, ""action_class"": ""valid_effective"", ""terminated"": false, ""truncated"": false}, {""net_id"": 12, ""action"": ""net_select"", ""success"": true, ""action_class"": ""valid_effective"", ""terminated"": false, ""truncated"": false}, {""net_id"": 12, ""action"": ""start_route"", ""success"": true, ""action_class"": ""valid_effective"", ""terminated"": false, ""truncated"": false}, {""net_id"": 12, ""action"": ""make_line"", ""success"": true, ""action_class"": ""valid_effective"", ""terminated"": false, ""truncated"": false}, {""net_id"": 12, ""action"": ""net_end"", ""success"": true, ""action_class"": ""valid_effective"", ""terminated"": false, ""truncated"": false}, {""net_id"": 18, ""action"": ""net_select"", ""success"": true, ""action_class"": ""valid_effective"", ""terminated"": false, ""truncated"": false}, {""net_id"": 18, ""action"": ""start_route"", ""success"": true, ""action_class"": ""valid_effective"", ""terminated"": false, ""truncated"": false}, {""net_id"": 18, ""action"": ""make_line"", ""success"": true, ""action_class"": ""valid_effective"", ""terminated"": true, ""truncated"": false}, {""net_id"": 18, ""action"": ""net_end"", ""success"": true, ""action_class"": ""valid_effective"", ""terminated"": true, ""truncated"": false}]",False,1.3601570360006008,/content/routescout_phase8b_standalone/artifacts/routed_boards/0344_mavbridge_mavbridge__natural.kicad_pcb,fe3d28e1cf78f18a0bea208c626ed092e9d125826611184b2df0e0e1af34f39d,
medium,0376_cat-trainer_teensy_base_pcb,cat-trainer_teensy_base_pcb,mst_easy_first,fbb88c09c9adb68db76b09ed66bb98885098c1c9b25236b93ce5971cde78c055,"[6, 5, 1, 2, 17, 15, 16, 27, 24, 10, 19, 7]","[6, 5, 1, 2, 17, 15, 16, 27, 24, 10, 19, 7]",True,12,0.0,False,12,False,12,12,False,757.4259630286433,2,162,48,24,24,"[{""net_id"": 6, ""action"": ""net_select"", ""success"": true, ""action_class"": ""valid_effective"", ""terminated"": false, ""truncated"": false}, {""net_id"": 6, ""action"": ""start_route"", ""success"": false, ""action_class"": ""valid_dispatch_fail"", ""terminated"": false, ""truncated"": false}, {""net_id"": 6, ""action"": ""make_line"", ""success"": false, ""action_class"": ""mask_reject"", ""terminated"": false, ""truncated"": false}, {""net_id"": 6, ""action"": ""net_end"", ""success"": true, ""action_class"": ""valid_effective"", ""terminated"": false, ""truncated"": false}, {""net_id"": 5, ""action"": ""net_select"", ""success"": true, ""action_class"": ""valid_effective"", ""terminated"": false, ""truncated"": false}, {""net_id"": 5, ""action"": ""start_route"", ""success"": false, ""action_class"": ""valid_dispatch_fail"", ""terminated"": false, ""truncated"": false}, {""net_id"": 5, ""action"": ""make_line"", ""success"": false, ""action_class"": ""mask_reject"", ""terminated"": false, ""truncated"": false}, {""net_id"": 5, ""action"": ""net_end"", ""success"": true, ""action_class"": ""valid_effective"", ""terminated"": false, ""truncated"": false}, {""net_id"": 1, ""action"": ""net_select"", ""success"": true, ""action_class"": ""valid_effective"", ""terminated"": false, ""truncated"": false}, {""net_id"": 1, ""action"": ""start_route"", ""success"": false, ""action_class"": ""valid_dispatch_fail"", ""terminated"": false, ""truncated"": false}, {""net_id"": 1, ""action"": ""make_line"", ""success"": false, ""action_class"": ""mask_reject"", ""terminated"": false, ""truncated"": false}, {""net_id"": 1, ""action"": ""net_end"", ""success"": true, ""action_class"": ""valid_effective"", ""terminated"": false, ""truncated"": false}, {""net_id"": 2, ""action"": ""net_select"", ""success"": true, ""action_class"": ""valid_effective"", ""terminated"": false, ""truncated"": false}, {""net_id"": 2, ""action"": ""start_route"", ""success"": false, ""action_class"": ""valid_dispatch_fail"", ""terminated"": false, ""truncated"": false}, {""net_id"": 2, ""action"": ""make_line"", ""success"": false, ""action_class"": ""mask_reject"", ""terminated"": false, ""truncated"": false}, {""net_id"": 2, ""action"": ""net_end"", ""success"": true, ""action_class"": ""valid_effective"", ""terminated"": false, ""truncated"": false}, {""net_id"": 17, ""action"": ""net_select"", ""success"": true, ""action_class"": ""valid_effective"", ""terminated"": false, ""truncated"": false}, {""net_id"": 17, ""action"": ""start_route"", ""success"": false, ""action_class"": ""valid_dispatch_fail"", ""terminated"": false, ""truncated"": false}, {""net_id"": 17, ""action"": ""make_line"", ""success"": false, ""action_class"": ""mask_reject"", ""terminated"": false, ""truncated"": false}, {""net_id"": 17, ""action"": ""net_end"", ""success"": true, ""action_class"": ""valid_effective"", ""terminated"": false, ""truncated"": false}, {""net_id"": 15, ""action"": ""net_select"", ""success"": true, ""action_class"": ""valid_effective"", ""terminated"": false, ""truncated"": false}, {""net_id"": 15, ""action"": ""start_route"", ""success"": false, ""action_class"": ""valid_dispatch_fail"", ""terminated"": false, ""truncated"": false}, {""net_id"": 15, ""action"": ""make_line"", ""success"": false, ""action_class"": ""mask_reject"", ""terminated"": false, ""truncated"": false}, {""net_id"": 15, ""action"": ""net_end"", ""success"": true, ""action_class"": ""valid_effective"", ""terminated"": false, ""truncated"": false}, {""net_id"": 16, ""action"": ""net_select"", ""success"": true, ""action_class"": ""valid_effective"", ""terminated"": false, ""truncated"": false}, {""net_id"": 16, ""action"": ""start_route"", ""success"": false, ""action_class"": ""valid_dispatch_fail"", ""terminated"": false, ""truncated"": false}, {""net_id"": 16, ""action"": ""make_line"", ""success"": false, ""action_class"": ""mask_reject"", ""terminated"": false, ""truncated"": false}, {""net_id"": 16, ""action"": ""net_end"", ""success"": true, ""action_class"": ""valid_effective"", ""terminated"": false, ""truncated"": false}, {""net_id"": 27, ""action"": ""net_select"", ""success"": true, ""action_class"": ""valid_effective"", ""terminated"": false, ""truncated"": false}, {""net_id"": 27, ""action"": ""start_route"", ""success"": false, ""action_class"": ""valid_dispatch_fail"", ""terminated"": false, ""truncated"": false}, {""net_id"": 27, ""action"": ""make_line"", ""success"": false, ""action_class"": ""mask_reject"", ""terminated"": false, ""truncated"": false}, {""net_id"": 27, ""action"": ""net_end"", ""success"": true, ""action_class"": ""valid_effective"", ""terminated"": false, ""truncated"": false}, {""net_id"": 24, ""action"": ""net_select"", ""success"": true, ""action_class"": ""valid_effective"", ""terminated"": false, ""truncated"": false}, {""net_id"": 24, ""action"": ""start_route"", ""success"": false, ""action_class"": ""valid_dispatch_fail"", ""terminated"": false, ""truncated"": false}, {""net_id"": 24, ""action"": ""make_line"", ""success"": false, ""action_class"": ""mask_reject"", ""terminated"": false, ""truncated"": false}, {""net_id"": 24, ""action"": ""net_end"", ""success"": true, ""action_class"": ""valid_effective"", ""terminated"": false, ""truncated"": false}, {""net_id"": 10, ""action"": ""net_select"", ""success"": true, ""action_class"": ""valid_effective"", ""terminated"": false, ""truncated"": false}, {""net_id"": 10, ""action"": ""start_route"", ""success"": false, ""action_class"": ""valid_dispatch_fail"", ""terminated"": false, ""truncated"": false}, {""net_id"": 10, ""action"": ""make_line"", ""success"": false, ""action_class"": ""mask_reject"", ""terminated"": false, ""truncated"": false}, {""net_id"": 10, ""action"": ""net_end"", ""success"": true, ""action_class"": ""valid_effective"", ""terminated"": false, ""truncated"": false}, {""net_id"": 19, ""action"": ""net_select"", ""success"": true, ""action_class"": ""valid_effective"", ""terminated"": false, ""truncated"": false}, {""net_id"": 19, ""action"": ""start_route"", ""success"": false, ""action_class"": ""valid_dispatch_fail"", ""terminated"": false, ""truncated"": false}, {""net_id"": 19, ""action"": ""make_line"", ""success"": false, ""action_class"": ""mask_reject"", ""terminated"": false, ""truncated"": false}, {""net_id"": 19, ""action"": ""net_end"", ""success"": true, ""action_class"": ""valid_effective"", ""terminated"": false, ""truncated"": false}, {""net_id"": 7, ""action"": ""net_select"", ""success"": true, ""action_class"": ""valid_effective"", ""terminated"": false, ""truncated"": false}, {""net_id"": 7, ""action"": ""start_route"", ""success"": false, ""action_class"": ""valid_dispatch_fail"", ""terminated"": false, ""truncated"": false}, {""net_id"": 7, ""action"": ""make_line"", ""success"": false, ""action_class"": ""mask_reject"", ""terminated"": false, ""truncated"": false}, {""net_id"": 7, ""action"": ""net_end"", ""success"": true, ""action_class"": ""valid_effective"", ""terminated"": true, ""truncated"": false}]",False,1.5262713359988993,/content/routescout_phase8b_standalone/artifacts/routed_boards/0376_cat-trainer_teensy_base_pcb__mst_easy_first.kicad_pcb,964bdba3d4a325ecde4fa5d1c383b22f4f82f8414e202cb2b3884d4231cb5d60,
medium,0376_cat-trainer_teensy_base_pcb,cat-trainer_teensy_base_pcb,mst_hard_first,fbb88c09c9adb68db76b09ed66bb98885098c1c9b25236b93ce5971cde78c055,"[7, 19, 10, 24, 27, 16, 15, 17, 2, 1, 5, 6]","[7, 19, 10, 24, 27, 16, 15, 17, 2, 1, 5, 6]",True,12,0.0,False,12,False,12,12,False,757.4259630286433,2,162,48,24,24,"[{""net_id"": 7, ""action"": ""net_select"", ""success"": true, ""action_class"": ""valid_effective"", ""terminated"": false, ""truncated"": false}, {""net_id"": 7, ""action"": ""start_route"", ""success"": false, ""action_class"": ""valid_dispatch_fail"", ""terminated"": false, ""truncated"": false}, {""net_id"": 7, ""action"": ""make_line"", ""success"": false, ""action_class"": ""mask_reject"", ""terminated"": false, ""truncated"": false}, {""net_id"": 7, ""action"": ""net_end"", ""success"": true, ""action_class"": ""valid_effective"", ""terminated"": false, ""truncated"": false}, {""net_id"": 19, ""action"": ""net_select"", ""success"": true, ""action_class"": ""valid_effective"", ""terminated"": false, ""truncated"": false}, {""net_id"": 19, ""action"": ""start_route"", ""success"": false, ""action_class"": ""valid_dispatch_fail"", ""terminated"": false, ""truncated"": false}, {""net_id"": 19, ""action"": ""make_line"", ""success"": false, ""action_class"": ""mask_reject"", ""terminated"": false, ""truncated"": false}, {""net_id"": 19, ""action"": ""net_end"", ""success"": true, ""action_class"": ""valid_effective"", ""terminated"": false, ""truncated"": false}, {""net_id"": 10, ""action"": ""net_select"", ""success"": true, ""action_class"": ""valid_effective"", ""terminated"": false, ""truncated"": false}, {""net_id"": 10, ""action"": ""start_route"", ""success"": false, ""action_class"": ""valid_dispatch_fail"", ""terminated"": false, ""truncated"": false}, {""net_id"": 10, ""action"": ""make_line"", ""success"": false, ""action_class"": ""mask_reject"", ""terminated"": false, ""truncated"": false}, {""net_id"": 10, ""action"": ""net_end"", ""success"": true, ""action_class"": ""valid_effective"", ""terminated"": false, ""truncated"": false}, {""net_id"": 24, ""action"": ""net_select"", ""success"": true, ""action_class"": ""valid_effective"", ""terminated"": false, ""truncated"": false}, {""net_id"": 24, ""action"": ""start_route"", ""success"": false, ""action_class"": ""valid_dispatch_fail"", ""terminated"": false, ""truncated"": false}, {""net_id"": 24, ""action"": ""make_line"", ""success"": false, ""action_class"": ""mask_reject"", ""terminated"": false, ""truncated"": false}, {""net_id"": 24, ""action"": ""net_end"", ""success"": true, ""action_class"": ""valid_effective"", ""terminated"": false, ""truncated"": false}, {""net_id"": 27, ""action"": ""net_select"", ""success"": true, ""action_class"": ""valid_effective"", ""terminated"": false, ""truncated"": false}, {""net_id"": 27, ""action"": ""start_route"", ""success"": false, ""action_class"": ""valid_dispatch_fail"", ""terminated"": false, ""truncated"": false}, {""net_id"": 27, ""action"": ""make_line"", ""success"": false, ""action_class"": ""mask_reject"", ""terminated"": false, ""truncated"": false}, {""net_id"": 27, ""action"": ""net_end"", ""success"": true, ""action_class"": ""valid_effective"", ""terminated"": false, ""truncated"": false}, {""net_id"": 16, ""action"": ""net_select"", ""success"": true, ""action_class"": ""valid_effective"", ""terminated"": false, ""truncated"": false}, {""net_id"": 16, ""action"": ""start_route"", ""success"": false, ""action_class"": ""valid_dispatch_fail"", ""terminated"": false, ""truncated"": false}, {""net_id"": 16, ""action"": ""make_line"", ""success"": false, ""action_class"": ""mask_reject"", ""terminated"": false, ""truncated"": false}, {""net_id"": 16, ""action"": ""net_end"", ""success"": true, ""action_class"": ""valid_effective"", ""terminated"": false, ""truncated"": false}, {""net_id"": 15, ""action"": ""net_select"", ""success"": true, ""action_class"": ""valid_effective"", ""terminated"": false, ""truncated"": false}, {""net_id"": 15, ""action"": ""start_route"", ""success"": false, ""action_class"": ""valid_dispatch_fail"", ""terminated"": false, ""truncated"": false}, {""net_id"": 15, ""action"": ""make_line"", ""success"": false, ""action_class"": ""mask_reject"", ""terminated"": false, ""truncated"": false}, {""net_id"": 15, ""action"": ""net_end"", ""success"": true, ""action_class"": ""valid_effective"", ""terminated"": false, ""truncated"": false}, {""net_id"": 17, ""action"": ""net_select"", ""success"": true, ""action_class"": ""valid_effective"", ""terminated"": false, ""truncated"": false}, {""net_id"": 17, ""action"": ""start_route"", ""success"": false, ""action_class"": ""valid_dispatch_fail"", ""terminated"": false, ""truncated"": false}, {""net_id"": 17, ""action"": ""make_line"", ""success"": false, ""action_class"": ""mask_reject"", ""terminated"": false, ""truncated"": false}, {""net_id"": 17, ""action"": ""net_end"", ""success"": true, ""action_class"": ""valid_effective"", ""terminated"": false, ""truncated"": false}, {""net_id"": 2, ""action"": ""net_select"", ""success"": true, ""action_class"": ""valid_effective"", ""terminated"": false, ""truncated"": false}, {""net_id"": 2, ""action"": ""start_route"", ""success"": false, ""action_class"": ""valid_dispatch_fail"", ""terminated"": false, ""truncated"": false}, {""net_id"": 2, ""action"": ""make_line"", ""success"": false, ""action_class"": ""mask_reject"", ""terminated"": false, ""truncated"": false}, {""net_id"": 2, ""action"": ""net_end"", ""success"": true, ""action_class"": ""valid_effective"", ""terminated"": false, ""truncated"": false}, {""net_id"": 1, ""action"": ""net_select"", ""success"": true, ""action_class"": ""valid_effective"", ""terminated"": false, ""truncated"": false}, {""net_id"": 1, ""action"": ""start_route"", ""success"": false, ""action_class"": ""valid_dispatch_fail"", ""terminated"": false, ""truncated"": false}, {""net_id"": 1, ""action"": ""make_line"", ""success"": false, ""action_class"": ""mask_reject"", ""terminated"": false, ""truncated"": false}, {""net_id"": 1, ""action"": ""net_end"", ""success"": true, ""action_class"": ""valid_effective"", ""terminated"": false, ""truncated"": false}, {""net_id"": 5, ""action"": ""net_select"", ""success"": true, ""action_class"": ""valid_effective"", ""terminated"": false, ""truncated"": false}, {""net_id"": 5, ""action"": ""start_route"", ""success"": false, ""action_class"": ""valid_dispatch_fail"", ""terminated"": false, ""truncated"": false}, {""net_id"": 5, ""action"": ""make_line"", ""success"": false, ""action_class"": ""mask_reject"", ""terminated"": false, ""truncated"": false}, {""net_id"": 5, ""action"": ""net_end"", ""success"": true, ""action_class"": ""valid_effective"", ""terminated"": false, ""truncated"": false}, {""net_id"": 6, ""action"": ""net_select"", ""success"": true, ""action_class"": ""valid_effective"", ""terminated"": false, ""truncated"": false}, {""net_id"": 6, ""action"": ""start_route"", ""success"": false, ""action_class"": ""valid_dispatch_fail"", ""terminated"": false, ""truncated"": false}, {""net_id"": 6, ""action"": ""make_line"", ""success"": false, ""action_class"": ""mask_reject"", ""terminated"": false, ""truncated"": false}, {""net_id"": 6, ""action"": ""net_end"", ""success"": true, ""action_class"": ""valid_effective"", ""terminated"": true, ""truncated"": false}]",False,1.464696320999792,/content/routescout_phase8b_standalone/artifacts/routed_boards/0376_cat-trainer_teensy_base_pcb__mst_hard_first.kicad_pcb,964bdba3d4a325ecde4fa5d1c383b22f4f82f8414e202cb2b3884d4231cb5d60,
medium,0376_cat-trainer_teensy_base_pcb,cat-trainer_teensy_base_pcb,natural,fbb88c09c9adb68db76b09ed66bb98885098c1c9b25236b93ce5971cde78c055,"[1, 2, 5, 6, 7, 10, 15, 16, 17, 19, 24, 27]","[1, 2, 5, 6, 7, 10, 15, 16, 17, 19, 24, 27]",True,12,0.0,False,12,False,12,12,False,757.4259630286433,2,162,48,24,24,"[{""net_id"": 1, ""action"": ""net_select"", ""success"": true, ""action_class"": ""valid_effective"", ""terminated"": false, ""truncated"": false}, {""net_id"": 1, ""action"": ""start_route"", ""success"": false, ""action_class"": ""valid_dispatch_fail"", ""terminated"": false, ""truncated"": false}, {""net_id"": 1, ""action"": ""make_line"", ""success"": false, ""action_class"": ""mask_reject"", ""terminated"": false, ""truncated"": false}, {""net_id"": 1, ""action"": ""net_end"", ""success"": true, ""action_class"": ""valid_effective"", ""terminated"": false, ""truncated"": false}, {""net_id"": 2, ""action"": ""net_select"", ""success"": true, ""action_class"": ""valid_effective"", ""terminated"": false, ""truncated"": false}, {""net_id"": 2, ""action"": ""start_route"", ""success"": false, ""action_class"": ""valid_dispatch_fail"", ""terminated"": false, ""truncated"": false}, {""net_id"": 2, ""action"": ""make_line"", ""success"": false, ""action_class"": ""mask_reject"", ""terminated"": false, ""truncated"": false}, {""net_id"": 2, ""action"": ""net_end"", ""success"": true, ""action_class"": ""valid_effective"", ""terminated"": false, ""truncated"": false}, {""net_id"": 5, ""action"": ""net_select"", ""success"": true, ""action_class"": ""valid_effective"", ""terminated"": false, ""truncated"": false}, {""net_id"": 5, ""action"": ""start_route"", ""success"": false, ""action_class"": ""valid_dispatch_fail"", ""terminated"": false, ""truncated"": false}, {""net_id"": 5, ""action"": ""make_line"", ""success"": false, ""action_class"": ""mask_reject"", ""terminated"": false, ""truncated"": false}, {""net_id"": 5, ""action"": ""net_end"", ""success"": true, ""action_class"": ""valid_effective"", ""terminated"": false, ""truncated"": false}, {""net_id"": 6, ""action"": ""net_select"", ""success"": true, ""action_class"": ""valid_effective"", ""terminated"": false, ""truncated"": false}, {""net_id"": 6, ""action"": ""start_route"", ""success"": false, ""action_class"": ""valid_dispatch_fail"", ""terminated"": false, ""truncated"": false}, {""net_id"": 6, ""action"": ""make_line"", ""success"": false, ""action_class"": ""mask_reject"", ""terminated"": false, ""truncated"": false}, {""net_id"": 6, ""action"": ""net_end"", ""success"": true, ""action_class"": ""valid_effective"", ""terminated"": false, ""truncated"": false}, {""net_id"": 7, ""action"": ""net_select"", ""success"": true, ""action_class"": ""valid_effective"", ""terminated"": false, ""truncated"": false}, {""net_id"": 7, ""action"": ""start_route"", ""success"": false, ""action_class"": ""valid_dispatch_fail"", ""terminated"": false, ""truncated"": false}, {""net_id"": 7, ""action"": ""make_line"", ""success"": false, ""action_class"": ""mask_reject"", ""terminated"": false, ""truncated"": false}, {""net_id"": 7, ""action"": ""net_end"", ""success"": true, ""action_class"": ""valid_effective"", ""terminated"": false, ""truncated"": false}, {""net_id"": 10, ""action"": ""net_select"", ""success"": true, ""action_class"": ""valid_effective"", ""terminated"": false, ""truncated"": false}, {""net_id"": 10, ""action"": ""start_route"", ""success"": false, ""action_class"": ""valid_dispatch_fail"", ""terminated"": false, ""truncated"": false}, {""net_id"": 10, ""action"": ""make_line"", ""success"": false, ""action_class"": ""mask_reject"", ""terminated"": false, ""truncated"": false}, {""net_id"": 10, ""action"": ""net_end"", ""success"": true, ""action_class"": ""valid_effective"", ""terminated"": false, ""truncated"": false}, {""net_id"": 15, ""action"": ""net_select"", ""success"": true, ""action_class"": ""valid_effective"", ""terminated"": false, ""truncated"": false}, {""net_id"": 15, ""action"": ""start_route"", ""success"": false, ""action_class"": ""valid_dispatch_fail"", ""terminated"": false, ""truncated"": false}, {""net_id"": 15, ""action"": ""make_line"", ""success"": false, ""action_class"": ""mask_reject"", ""terminated"": false, ""truncated"": false}, {""net_id"": 15, ""action"": ""net_end"", ""success"": true, ""action_class"": ""valid_effective"", ""terminated"": false, ""truncated"": false}, {""net_id"": 16, ""action"": ""net_select"", ""success"": true, ""action_class"": ""valid_effective"", ""terminated"": false, ""truncated"": false}, {""net_id"": 16, ""action"": ""start_route"", ""success"": false, ""action_class"": ""valid_dispatch_fail"", ""terminated"": false, ""truncated"": false}, {""net_id"": 16, ""action"": ""make_line"", ""success"": false, ""action_class"": ""mask_reject"", ""terminated"": false, ""truncated"": false}, {""net_id"": 16, ""action"": ""net_end"", ""success"": true, ""action_class"": ""valid_effective"", ""terminated"": false, ""truncated"": false}, {""net_id"": 17, ""action"": ""net_select"", ""success"": true, ""action_class"": ""valid_effective"", ""terminated"": false, ""truncated"": false}, {""net_id"": 17, ""action"": ""start_route"", ""success"": false, ""action_class"": ""valid_dispatch_fail"", ""terminated"": false, ""truncated"": false}, {""net_id"": 17, ""action"": ""make_line"", ""success"": false, ""action_class"": ""mask_reject"", ""terminated"": false, ""truncated"": false}, {""net_id"": 17, ""action"": ""net_end"", ""success"": true, ""action_class"": ""valid_effective"", ""terminated"": false, ""truncated"": false}, {""net_id"": 19, ""action"": ""net_select"", ""success"": true, ""action_class"": ""valid_effective"", ""terminated"": false, ""truncated"": false}, {""net_id"": 19, ""action"": ""start_route"", ""success"": false, ""action_class"": ""valid_dispatch_fail"", ""terminated"": false, ""truncated"": false}, {""net_id"": 19, ""action"": ""make_line"", ""success"": false, ""action_class"": ""mask_reject"", ""terminated"": false, ""truncated"": false}, {""net_id"": 19, ""action"": ""net_end"", ""success"": true, ""action_class"": ""valid_effective"", ""terminated"": false, ""truncated"": false}, {""net_id"": 24, ""action"": ""net_select"", ""success"": true, ""action_class"": ""valid_effective"", ""terminated"": false, ""truncated"": false}, {""net_id"": 24, ""action"": ""start_route"", ""success"": false, ""action_class"": ""valid_dispatch_fail"", ""terminated"": false, ""truncated"": false}, {""net_id"": 24, ""action"": ""make_line"", ""success"": false, ""action_class"": ""mask_reject"", ""terminated"": false, ""truncated"": false}, {""net_id"": 24, ""action"": ""net_end"", ""success"": true, ""action_class"": ""valid_effective"", ""terminated"": false, ""truncated"": false}, {""net_id"": 27, ""action"": ""net_select"", ""success"": true, ""action_class"": ""valid_effective"", ""terminated"": false, ""truncated"": false}, {""net_id"": 27, ""action"": ""start_route"", ""success"": false, ""action_class"": ""valid_dispatch_fail"", ""terminated"": false, ""truncated"": false}, {""net_id"": 27, ""action"": ""make_line"", ""success"": false, ""action_class"": ""mask_reject"", ""terminated"": false, ""truncated"": false}, {""net_id"": 27, ""action"": ""net_end"", ""success"": true, ""action_class"": ""valid_effective"", ""terminated"": true, ""truncated"": false}]",False,1.4673303970012057,/content/routescout_phase8b_standalone/artifacts/routed_boards/0376_cat-trainer_teensy_base_pcb__natural.kicad_pcb,964bdba3d4a325ecde4fa5d1c383b22f4f82f8414e202cb2b3884d4231cb5d60,
